-- phpMyAdmin SQL Dump
-- version 4.0.4.1
-- http://www.phpmyadmin.net
--
-- Host: localhost
-- Generation Time: Aug 06, 2013 at 02:56 
-- Server version: 5.6.12
-- PHP Version: 5.5.1

SET SQL_MODE = "NO_AUTO_VALUE_ON_ZERO";
SET time_zone = "+00:00";


/*!40101 SET @OLD_CHARACTER_SET_CLIENT=@@CHARACTER_SET_CLIENT */;
/*!40101 SET @OLD_CHARACTER_SET_RESULTS=@@CHARACTER_SET_RESULTS */;
/*!40101 SET @OLD_COLLATION_CONNECTION=@@COLLATION_CONNECTION */;
/*!40101 SET NAMES utf8 */;

--
-- Database: `nrps_designer`
--
CREATE DATABASE IF NOT EXISTS `nrps_designer` DEFAULT CHARACTER SET utf8 COLLATE utf8_unicode_ci;
USE `nrps_designer`;

-- --------------------------------------------------------

--
-- Table structure for table `auth_group`
--

CREATE TABLE IF NOT EXISTS `auth_group` (
  `id` int(11) NOT NULL AUTO_INCREMENT,
  `name` varchar(80) COLLATE utf8_unicode_ci NOT NULL,
  PRIMARY KEY (`id`),
  UNIQUE KEY `name` (`name`)
) ENGINE=InnoDB DEFAULT CHARSET=utf8 COLLATE=utf8_unicode_ci AUTO_INCREMENT=1 ;

-- --------------------------------------------------------

--
-- Table structure for table `auth_group_permissions`
--

CREATE TABLE IF NOT EXISTS `auth_group_permissions` (
  `id` int(11) NOT NULL AUTO_INCREMENT,
  `group_id` int(11) NOT NULL,
  `permission_id` int(11) NOT NULL,
  PRIMARY KEY (`id`),
  UNIQUE KEY `group_id` (`group_id`,`permission_id`),
  KEY `auth_group_permissions_5f412f9a` (`group_id`),
  KEY `auth_group_permissions_83d7f98b` (`permission_id`)
) ENGINE=InnoDB DEFAULT CHARSET=utf8 COLLATE=utf8_unicode_ci AUTO_INCREMENT=1 ;

-- --------------------------------------------------------

--
-- Table structure for table `auth_permission`
--

CREATE TABLE IF NOT EXISTS `auth_permission` (
  `id` int(11) NOT NULL AUTO_INCREMENT,
  `name` varchar(50) COLLATE utf8_unicode_ci NOT NULL,
  `content_type_id` int(11) NOT NULL,
  `codename` varchar(100) COLLATE utf8_unicode_ci NOT NULL,
  PRIMARY KEY (`id`),
  UNIQUE KEY `content_type_id` (`content_type_id`,`codename`),
  KEY `auth_permission_37ef4eb4` (`content_type_id`)
) ENGINE=InnoDB  DEFAULT CHARSET=utf8 COLLATE=utf8_unicode_ci AUTO_INCREMENT=43 ;

--
-- Dumping data for table `auth_permission`
--

INSERT INTO `auth_permission` (`id`, `name`, `content_type_id`, `codename`) VALUES
(1, 'Can add log entry', 1, 'add_logentry'),
(2, 'Can change log entry', 1, 'change_logentry'),
(3, 'Can delete log entry', 1, 'delete_logentry'),
(4, 'Can add permission', 2, 'add_permission'),
(5, 'Can change permission', 2, 'change_permission'),
(6, 'Can delete permission', 2, 'delete_permission'),
(7, 'Can add group', 3, 'add_group'),
(8, 'Can change group', 3, 'change_group'),
(9, 'Can delete group', 3, 'delete_group'),
(10, 'Can add user', 4, 'add_user'),
(11, 'Can change user', 4, 'change_user'),
(12, 'Can delete user', 4, 'delete_user'),
(13, 'Can add content type', 5, 'add_contenttype'),
(14, 'Can change content type', 5, 'change_contenttype'),
(15, 'Can delete content type', 5, 'delete_contenttype'),
(16, 'Can add session', 6, 'add_session'),
(17, 'Can change session', 6, 'change_session'),
(18, 'Can delete session', 6, 'delete_session'),
(19, 'Can add origin', 7, 'add_origin'),
(20, 'Can change origin', 7, 'change_origin'),
(21, 'Can delete origin', 7, 'delete_origin'),
(22, 'Can add domain', 8, 'add_domain'),
(23, 'Can change domain', 8, 'change_domain'),
(24, 'Can delete domain', 8, 'delete_domain'),
(25, 'Can add substrate', 9, 'add_substrate'),
(26, 'Can change substrate', 9, 'change_substrate'),
(27, 'Can delete substrate', 9, 'delete_substrate'),
(28, 'Can add type', 10, 'add_type'),
(29, 'Can change type', 10, 'change_type'),
(30, 'Can delete type', 10, 'delete_type'),
(31, 'Can add linkout', 11, 'add_linkout'),
(32, 'Can change linkout', 11, 'change_linkout'),
(33, 'Can delete linkout', 11, 'delete_linkout'),
(34, 'Can add linkout type', 12, 'add_linkouttype'),
(35, 'Can change linkout type', 12, 'change_linkouttype'),
(36, 'Can delete linkout type', 12, 'delete_linkouttype'),
(37, 'Can add version', 13, 'add_version'),
(38, 'Can change version', 13, 'change_version'),
(39, 'Can delete version', 13, 'delete_version'),
(40, 'Can add evolution', 14, 'add_evolution'),
(41, 'Can change evolution', 14, 'change_evolution'),
(42, 'Can delete evolution', 14, 'delete_evolution');

-- --------------------------------------------------------

--
-- Table structure for table `auth_user`
--

CREATE TABLE IF NOT EXISTS `auth_user` (
  `id` int(11) NOT NULL AUTO_INCREMENT,
  `password` varchar(128) COLLATE utf8_unicode_ci NOT NULL,
  `last_login` datetime NOT NULL,
  `is_superuser` tinyint(1) NOT NULL,
  `username` varchar(30) COLLATE utf8_unicode_ci NOT NULL,
  `first_name` varchar(30) COLLATE utf8_unicode_ci NOT NULL,
  `last_name` varchar(30) COLLATE utf8_unicode_ci NOT NULL,
  `email` varchar(75) COLLATE utf8_unicode_ci NOT NULL,
  `is_staff` tinyint(1) NOT NULL,
  `is_active` tinyint(1) NOT NULL,
  `date_joined` datetime NOT NULL,
  PRIMARY KEY (`id`),
  UNIQUE KEY `username` (`username`)
) ENGINE=InnoDB  DEFAULT CHARSET=utf8 COLLATE=utf8_unicode_ci AUTO_INCREMENT=2 ;

--
-- Dumping data for table `auth_user`
--

INSERT INTO `auth_user` (`id`, `password`, `last_login`, `is_superuser`, `username`, `first_name`, `last_name`, `email`, `is_staff`, `is_active`, `date_joined`) VALUES
(1, 'pbkdf2_sha256$10000$Qe6GlrXk976U$GX9m6f2xeawmGSmqC6Nego/6Km9PApzMXz/nZ9y7wMg=', '2013-08-06 10:11:26', 1, 'julia', '', '', '', 1, 1, '2013-08-06 10:10:01');

-- --------------------------------------------------------

--
-- Table structure for table `auth_user_groups`
--

CREATE TABLE IF NOT EXISTS `auth_user_groups` (
  `id` int(11) NOT NULL AUTO_INCREMENT,
  `user_id` int(11) NOT NULL,
  `group_id` int(11) NOT NULL,
  PRIMARY KEY (`id`),
  UNIQUE KEY `user_id` (`user_id`,`group_id`),
  KEY `auth_user_groups_6340c63c` (`user_id`),
  KEY `auth_user_groups_5f412f9a` (`group_id`)
) ENGINE=InnoDB DEFAULT CHARSET=utf8 COLLATE=utf8_unicode_ci AUTO_INCREMENT=1 ;

-- --------------------------------------------------------

--
-- Table structure for table `auth_user_user_permissions`
--

CREATE TABLE IF NOT EXISTS `auth_user_user_permissions` (
  `id` int(11) NOT NULL AUTO_INCREMENT,
  `user_id` int(11) NOT NULL,
  `permission_id` int(11) NOT NULL,
  PRIMARY KEY (`id`),
  UNIQUE KEY `user_id` (`user_id`,`permission_id`),
  KEY `auth_user_user_permissions_6340c63c` (`user_id`),
  KEY `auth_user_user_permissions_83d7f98b` (`permission_id`)
) ENGINE=InnoDB DEFAULT CHARSET=utf8 COLLATE=utf8_unicode_ci AUTO_INCREMENT=1 ;

-- --------------------------------------------------------

--
-- Table structure for table `databaseInput_domain`
--

CREATE TABLE IF NOT EXISTS `databaseInput_domain` (
  `id` int(11) NOT NULL AUTO_INCREMENT,
  `module` int(11) NOT NULL,
  `origin_id` int(11) NOT NULL,
  `domainType_id` int(11) NOT NULL,
  `chirality` varchar(1) COLLATE utf8_unicode_ci DEFAULT NULL,
  `description` longtext COLLATE utf8_unicode_ci NOT NULL,
  `pfamLinkerStart` int(11) NOT NULL,
  `pfamLinkerStop` int(11) NOT NULL,
  `definedLinkerStart` int(11) NOT NULL,
  `definedLinkerStop` int(11) NOT NULL,
  `pfamStart` int(11) NOT NULL,
  `pfamStop` int(11) NOT NULL,
  `definedStart` int(11) NOT NULL,
  `definedStop` int(11) NOT NULL,
  PRIMARY KEY (`id`),
  KEY `databaseInput_domain_759d5244` (`origin_id`),
  KEY `databaseInput_domain_0a4a8af9` (`domainType_id`)
) ENGINE=InnoDB  DEFAULT CHARSET=utf8 COLLATE=utf8_unicode_ci AUTO_INCREMENT=7 ;

--
-- Dumping data for table `databaseInput_domain`
--

INSERT INTO `databaseInput_domain` (`id`, `module`, `origin_id`, `domainType_id`, `chirality`, `description`, `pfamLinkerStart`, `pfamLinkerStop`, `definedLinkerStart`, `definedLinkerStop`, `pfamStart`, `pfamStop`, `definedStart`, `definedStop`) VALUES
(6, 1, 3, 4, 'L', 'some bla bla', 1, 1, 1, 1, 1, 1, 1, 1);

-- --------------------------------------------------------

--
-- Table structure for table `databaseInput_domain_substrateSpecificity`
--

CREATE TABLE IF NOT EXISTS `databaseInput_domain_substrateSpecificity` (
  `id` int(11) NOT NULL AUTO_INCREMENT,
  `domain_id` int(11) NOT NULL,
  `substrate_id` int(11) NOT NULL,
  PRIMARY KEY (`id`),
  UNIQUE KEY `domain_id` (`domain_id`,`substrate_id`),
  KEY `databaseInput_domain_substrateSpecificity_e8b327e7` (`domain_id`),
  KEY `databaseInput_domain_substrateSpecificity_d3ae637d` (`substrate_id`)
) ENGINE=InnoDB  DEFAULT CHARSET=utf8 COLLATE=utf8_unicode_ci AUTO_INCREMENT=8 ;

--
-- Dumping data for table `databaseInput_domain_substrateSpecificity`
--

INSERT INTO `databaseInput_domain_substrateSpecificity` (`id`, `domain_id`, `substrate_id`) VALUES
(7, 6, 14);

-- --------------------------------------------------------

--
-- Table structure for table `databaseInput_linkout`
--

CREATE TABLE IF NOT EXISTS `databaseInput_linkout` (
  `id` int(11) NOT NULL AUTO_INCREMENT,
  `linkoutType_id` int(11) NOT NULL,
  `identifier` varchar(50) COLLATE utf8_unicode_ci NOT NULL,
  `content_type_id` int(11) NOT NULL,
  `object_id` int(10) unsigned NOT NULL,
  PRIMARY KEY (`id`),
  KEY `databaseInput_linkout_847cadd8` (`linkoutType_id`),
  KEY `databaseInput_linkout_37ef4eb4` (`content_type_id`)
) ENGINE=InnoDB  DEFAULT CHARSET=utf8 COLLATE=utf8_unicode_ci AUTO_INCREMENT=47 ;

--
-- Dumping data for table `databaseInput_linkout`
--

INSERT INTO `databaseInput_linkout` (`id`, `linkoutType_id`, `identifier`, `content_type_id`, `object_id`) VALUES
(1, 1, '23377039', 7, 1),
(2, 1, '9352938', 7, 2),
(3, 2, '5950', 9, 1),
(4, 2, '71080', 9, 2),
(5, 2, '750', 9, 3),
(6, 2, '5951', 9, 4),
(7, 2, '71077', 9, 5),
(8, 2, '6140', 9, 6),
(9, 2, '71567', 9, 7),
(10, 2, '6106', 9, 8),
(11, 2, '439524', 9, 9),
(12, 2, '6288', 9, 10),
(13, 2, '69435', 9, 11),
(14, 2, '6057', 9, 12),
(15, 2, '71098', 9, 13),
(16, 2, '5961', 9, 14),
(17, 2, '145815', 9, 15),
(18, 2, '6267', 9, 16),
(19, 2, '439600', 9, 17),
(20, 2, '6262', 9, 18),
(21, 2, '71082', 9, 19),
(22, 2, '5960', 9, 20),
(23, 2, '83887', 9, 21),
(24, 2, '33032', 9, 22),
(25, 2, '23327', 9, 23),
(26, 2, '6287', 9, 24),
(27, 2, '71563', 9, 25),
(28, 2, '6306', 9, 26),
(29, 2, '76551', 9, 27),
(30, 2, '6305', 9, 28),
(31, 2, '9060', 9, 29),
(32, 2, '6274', 9, 30),
(33, 2, '71083', 9, 31),
(34, 2, '5962', 9, 32),
(35, 2, '57449', 9, 33),
(36, 2, '6322', 9, 34),
(37, 2, '71070', 9, 35),
(38, 2, '6137', 9, 36),
(39, 2, '84815', 9, 37),
(40, 2, '5862', 9, 38),
(41, 2, '92851', 9, 39),
(42, 2, '145742', 9, 40),
(43, 2, '8988', 9, 41);

-- --------------------------------------------------------

--
-- Table structure for table `databaseInput_linkouttype`
--

CREATE TABLE IF NOT EXISTS `databaseInput_linkouttype` (
  `id` int(11) NOT NULL AUTO_INCREMENT,
  `shortcut` varchar(10) COLLATE utf8_unicode_ci NOT NULL,
  `url` varchar(100) COLLATE utf8_unicode_ci NOT NULL,
  `description` longtext COLLATE utf8_unicode_ci,
  PRIMARY KEY (`id`)
) ENGINE=InnoDB  DEFAULT CHARSET=utf8 COLLATE=utf8_unicode_ci AUTO_INCREMENT=3 ;

--
-- Dumping data for table `databaseInput_linkouttype`
--

INSERT INTO `databaseInput_linkouttype` (`id`, `shortcut`, `url`, `description`) VALUES
(1, 'PMID', 'http://www.ncbi.nlm.nih.gov/pubmed/', 'Pubmed linkout'),
(2, 'PubChem', 'http://pubchem.ncbi.nlm.nih.gov/summary/summary.cgi?cid=', 'PubChem linkout. Identifier is compound id');

-- --------------------------------------------------------

--
-- Table structure for table `databaseInput_origin`
--

CREATE TABLE IF NOT EXISTS `databaseInput_origin` (
  `id` int(11) NOT NULL AUTO_INCREMENT,
  `source` varchar(20) COLLATE utf8_unicode_ci NOT NULL,
  `species` varchar(100) COLLATE utf8_unicode_ci DEFAULT NULL,
  `product` varchar(20) COLLATE utf8_unicode_ci NOT NULL,
  `dnaSequence` longtext COLLATE utf8_unicode_ci NOT NULL,
  `description` longtext COLLATE utf8_unicode_ci NOT NULL,
  `parent_id` int(11) DEFAULT NULL,
  PRIMARY KEY (`id`),
  KEY `databaseInput_origin_410d0aac` (`parent_id`)
) ENGINE=InnoDB  DEFAULT CHARSET=utf8 COLLATE=utf8_unicode_ci AUTO_INCREMENT=4 ;

--
-- Dumping data for table `databaseInput_origin`
--

INSERT INTO `databaseInput_origin` (`id`, `source`, `species`, `product`, `dnaSequence`, `description`, `parent_id`) VALUES
(1, '398578', 'Delftia acidovorans SPH-1', 'delftibactin', 'ATG', 'Gold precipitating peptide', NULL),
(2, '1255633', 'Brevibacillus parabrevis CIP 110335', 'tyrocidine', 'ATG', 'Toxic antibiotic ', NULL),
(3, '123', 'Streptomyces lavendulae', 'indigoidine', 'ATG', 'Redox-sensitive dye', NULL);

-- --------------------------------------------------------

--
-- Table structure for table `databaseInput_substrate`
--

CREATE TABLE IF NOT EXISTS `databaseInput_substrate` (
  `id` int(11) NOT NULL AUTO_INCREMENT,
  `name` varchar(30) COLLATE utf8_unicode_ci NOT NULL,
  `chirality` varchar(1) COLLATE utf8_unicode_ci NOT NULL,
  `structure` longtext COLLATE utf8_unicode_ci NOT NULL,
  PRIMARY KEY (`id`)
) ENGINE=InnoDB  DEFAULT CHARSET=utf8 COLLATE=utf8_unicode_ci AUTO_INCREMENT=42 ;

--
-- Dumping data for table `databaseInput_substrate`
--

INSERT INTO `databaseInput_substrate` (`id`, `name`, `chirality`, `structure`) VALUES
(1, 'L-alanine', 'L', '5950\r\n  -OEChem-08061307293D\r\n\r\n 13 12  0     1  0  0  0  0  0999 V2000\r\n    1.4573   -1.0438    0.2682 O   0  0  0  0  0  0  0  0  0  0  0  0\r\n    1.2492    1.1165   -0.4047 O   0  0  0  0  0  0  0  0  0  0  0  0\r\n   -1.4105    1.1507    0.1821 N   0  0  0  0  0  0  0  0  0  0  0  0\r\n   -0.7085   -0.1136    0.3937 C   0  0  1  0  0  0  0  0  0  0  0  0\r\n   -1.3345   -1.2000   -0.4702 C   0  0  0  0  0  0  0  0  0  0  0  0\r\n    0.7470    0.0903    0.0308 C   0  0  0  0  0  0  0  0  0  0  0  0\r\n   -0.7666   -0.3737    1.4558 H   0  0  0  0  0  0  0  0  0  0  0  0\r\n   -0.8580   -2.1695   -0.2878 H   0  0  0  0  0  0  0  0  0  0  0  0\r\n   -2.4023   -1.3127   -0.2521 H   0  0  0  0  0  0  0  0  0  0  0  0\r\n   -1.2248   -0.9797   -1.5384 H   0  0  0  0  0  0  0  0  0  0  0  0\r\n   -2.3916    1.0420    0.4376 H   0  0  0  0  0  0  0  0  0  0  0  0\r\n   -1.4071    1.3875   -0.8099 H   0  0  0  0  0  0  0  0  0  0  0  0\r\n    2.4062   -0.9341    0.0447 H   0  0  0  0  0  0  0  0  0  0  0  0\r\n  1  6  1  0  0  0  0\r\n  1 13  1  0  0  0  0\r\n  2  6  2  0  0  0  0\r\n  3  4  1  0  0  0  0\r\n  3 11  1  0  0  0  0\r\n  3 12  1  0  0  0  0\r\n  4  5  1  0  0  0  0\r\n  4  6  1  0  0  0  0\r\n  4  7  1  0  0  0  0\r\n  5  8  1  0  0  0  0\r\n  5  9  1  0  0  0  0\r\n  5 10  1  0  0  0  0\r\nM  END\r\n> <PUBCHEM_COMPOUND_CID>\r\n5950\r\n\r\n> <PUBCHEM_CONFORMER_RMSD>\r\n0.4\r\n\r\n> <PUBCHEM_CONFORMER_DIVERSEORDER>\r\n1\r\n3\r\n2\r\n\r\n> <PUBCHEM_MMFF94_PARTIAL_CHARGES>\r\n8\r\n1 -0.65\r\n11 0.36\r\n12 0.36\r\n13 0.5\r\n2 -0.57\r\n3 -0.99\r\n4 0.33\r\n6 0.66\r\n\r\n> <PUBCHEM_EFFECTIVE_ROTOR_COUNT>\r\n1\r\n\r\n> <PUBCHEM_PHARMACOPHORE_FEATURES>\r\n5\r\n1 1 acceptor\r\n1 2 acceptor\r\n1 3 cation\r\n1 3 donor\r\n3 1 2 6 anion\r\n\r\n> <PUBCHEM_HEAVY_ATOM_COUNT>\r\n6\r\n\r\n> <PUBCHEM_ATOM_DEF_STEREO_COUNT>\r\n1\r\n\r\n> <PUBCHEM_ATOM_UDEF_STEREO_COUNT>\r\n0\r\n\r\n> <PUBCHEM_BOND_DEF_STEREO_COUNT>\r\n0\r\n\r\n> <PUBCHEM_BOND_UDEF_STEREO_COUNT>\r\n0\r\n\r\n> <PUBCHEM_ISOTOPIC_ATOM_COUNT>\r\n0\r\n\r\n> <PUBCHEM_COMPONENT_COUNT>\r\n1\r\n\r\n> <PUBCHEM_CACTVS_TAUTO_COUNT>\r\n1\r\n\r\n> <PUBCHEM_CONFORMER_ID>\r\n0000173E00000001\r\n\r\n> <PUBCHEM_MMFF94_ENERGY>\r\n1.5212\r\n\r\n> <PUBCHEM_FEATURE_SELFOVERLAP>\r\n25.429\r\n\r\n> <PUBCHEM_SHAPE_FINGERPRINT>\r\n139733 1 10810435145306950879\r\n16714656 1 17834121844547885910\r\n20096714 4 18336274448292194721\r\n21015797 1 9294747371048054674\r\n21040471 1 18199189481819369609\r\n24536 1 17822010959911299856\r\n29004967 10 17974853083746877907\r\n5943 1 14140374571562451139\r\n\r\n> <PUBCHEM_SHAPE_MULTIPOLES>\r\n106.76\r\n1.92\r\n1.35\r\n0.68\r\n0.03\r\n0.06\r\n-0.01\r\n-0.14\r\n-0.16\r\n-0.16\r\n-0.03\r\n-0.04\r\n-0.03\r\n-0.3\r\n\r\n> <PUBCHEM_SHAPE_SELFOVERLAP>\r\n193.798\r\n\r\n> <PUBCHEM_SHAPE_VOLUME>\r\n68.8\r\n\r\n> <PUBCHEM_COORDINATE_TYPE>\r\n2\r\n5\r\n10\r\n\r\n$$$$\r\n'),
(2, 'D-alanine', 'D', '71080\r\n  -OEChem-08061307313D\r\n\r\n 13 12  0     1  0  0  0  0  0999 V2000\r\n    1.4540   -1.0463   -0.2600 O   0  0  0  0  0  0  0  0  0  0  0  0\r\n    1.2497    1.1182    0.4005 O   0  0  0  0  0  0  0  0  0  0  0  0\r\n   -1.4128    1.1501   -0.1734 N   0  0  0  0  0  0  0  0  0  0  0  0\r\n   -0.7093   -0.1115   -0.3951 C   0  0  2  0  0  0  0  0  0  0  0  0\r\n   -1.3291   -1.2038    0.4660 C   0  0  0  0  0  0  0  0  0  0  0  0\r\n    0.7475    0.0933   -0.0380 C   0  0  0  0  0  0  0  0  0  0  0  0\r\n   -0.7772   -0.3698   -1.4569 H   0  0  0  0  0  0  0  0  0  0  0  0\r\n   -2.3997   -1.3089    0.2583 H   0  0  0  0  0  0  0  0  0  0  0  0\r\n   -0.8590   -2.1736    0.2695 H   0  0  0  0  0  0  0  0  0  0  0  0\r\n   -1.2071   -0.9930    1.5349 H   0  0  0  0  0  0  0  0  0  0  0  0\r\n   -0.9750    1.8923   -0.7175 H   0  0  0  0  0  0  0  0  0  0  0  0\r\n   -1.3418    1.4251    0.8055 H   0  0  0  0  0  0  0  0  0  0  0  0\r\n    2.4015   -0.9395   -0.0294 H   0  0  0  0  0  0  0  0  0  0  0  0\r\n  1  6  1  0  0  0  0\r\n  1 13  1  0  0  0  0\r\n  2  6  2  0  0  0  0\r\n  3  4  1  0  0  0  0\r\n  3 11  1  0  0  0  0\r\n  3 12  1  0  0  0  0\r\n  4  5  1  0  0  0  0\r\n  4  6  1  0  0  0  0\r\n  4  7  1  0  0  0  0\r\n  5  8  1  0  0  0  0\r\n  5  9  1  0  0  0  0\r\n  5 10  1  0  0  0  0\r\nM  END\r\n> <PUBCHEM_COMPOUND_CID>\r\n71080\r\n\r\n> <PUBCHEM_CONFORMER_RMSD>\r\n0.4\r\n\r\n> <PUBCHEM_CONFORMER_DIVERSEORDER>\r\n1\r\n3\r\n2\r\n\r\n> <PUBCHEM_MMFF94_PARTIAL_CHARGES>\r\n8\r\n1 -0.65\r\n11 0.36\r\n12 0.36\r\n13 0.5\r\n2 -0.57\r\n3 -0.99\r\n4 0.33\r\n6 0.66\r\n\r\n> <PUBCHEM_EFFECTIVE_ROTOR_COUNT>\r\n1\r\n\r\n> <PUBCHEM_PHARMACOPHORE_FEATURES>\r\n5\r\n1 1 acceptor\r\n1 2 acceptor\r\n1 3 cation\r\n1 3 donor\r\n3 1 2 6 anion\r\n\r\n> <PUBCHEM_HEAVY_ATOM_COUNT>\r\n6\r\n\r\n> <PUBCHEM_ATOM_DEF_STEREO_COUNT>\r\n1\r\n\r\n> <PUBCHEM_ATOM_UDEF_STEREO_COUNT>\r\n0\r\n\r\n> <PUBCHEM_BOND_DEF_STEREO_COUNT>\r\n0\r\n\r\n> <PUBCHEM_BOND_UDEF_STEREO_COUNT>\r\n0\r\n\r\n> <PUBCHEM_ISOTOPIC_ATOM_COUNT>\r\n0\r\n\r\n> <PUBCHEM_COMPONENT_COUNT>\r\n1\r\n\r\n> <PUBCHEM_CACTVS_TAUTO_COUNT>\r\n1\r\n\r\n> <PUBCHEM_CONFORMER_ID>\r\n000115A800000001\r\n\r\n> <PUBCHEM_MMFF94_ENERGY>\r\n1.5874\r\n\r\n> <PUBCHEM_FEATURE_SELFOVERLAP>\r\n25.429\r\n\r\n> <PUBCHEM_SHAPE_FINGERPRINT>\r\n139733 1 10878900634851653371\r\n20096714 4 18268142072216222973\r\n21015797 1 9078573519497957180\r\n21040471 1 18190176785006496237\r\n24536 1 18261944236697031724\r\n29004967 10 17974574902983696515\r\n5943 1 15574980789017939183\r\n\r\n> <PUBCHEM_SHAPE_MULTIPOLES>\r\n106.76\r\n1.92\r\n1.35\r\n0.67\r\n0.04\r\n0.05\r\n0.01\r\n-0.14\r\n0.16\r\n-0.16\r\n0.04\r\n-0.04\r\n-0.03\r\n0.3\r\n\r\n> <PUBCHEM_SHAPE_SELFOVERLAP>\r\n193.826\r\n\r\n> <PUBCHEM_SHAPE_VOLUME>\r\n68.8\r\n\r\n> <PUBCHEM_COORDINATE_TYPE>\r\n2\r\n5\r\n10\r\n\r\n$$$$\r\n'),
(3, 'Glycine', 'L', '750\r\n  -OEChem-08061307323D\r\n\r\n 10  9  0     0  0  0  0  0  0999 V2000\r\n   -1.6487    0.6571   -0.0104 O   0  0  0  0  0  0  0  0  0  0  0  0\r\n   -0.4837   -1.2934   -0.0005 O   0  0  0  0  0  0  0  0  0  0  0  0\r\n    1.9006   -0.0812   -0.0090 N   0  0  0  0  0  0  0  0  0  0  0  0\r\n    0.7341    0.7867    0.0079 C   0  0  0  0  0  0  0  0  0  0  0  0\r\n   -0.5023   -0.0691    0.0120 C   0  0  0  0  0  0  0  0  0  0  0  0\r\n    0.7326    1.4215   -0.8824 H   0  0  0  0  0  0  0  0  0  0  0  0\r\n    0.7464    1.4088    0.9069 H   0  0  0  0  0  0  0  0  0  0  0  0\r\n    1.8743   -0.6844   -0.8301 H   0  0  0  0  0  0  0  0  0  0  0  0\r\n    1.8887   -0.6969    0.8031 H   0  0  0  0  0  0  0  0  0  0  0  0\r\n   -2.4447    0.0839   -0.0260 H   0  0  0  0  0  0  0  0  0  0  0  0\r\n  1  5  1  0  0  0  0\r\n  1 10  1  0  0  0  0\r\n  2  5  2  0  0  0  0\r\n  3  4  1  0  0  0  0\r\n  3  8  1  0  0  0  0\r\n  3  9  1  0  0  0  0\r\n  4  5  1  0  0  0  0\r\n  4  6  1  0  0  0  0\r\n  4  7  1  0  0  0  0\r\nM  END\r\n> <PUBCHEM_COMPOUND_CID>\r\n750\r\n\r\n> <PUBCHEM_CONFORMER_RMSD>\r\n0.4\r\n\r\n> <PUBCHEM_CONFORMER_DIVERSEORDER>\r\n1\r\n2\r\n\r\n> <PUBCHEM_MMFF94_PARTIAL_CHARGES>\r\n8\r\n1 -0.65\r\n10 0.5\r\n2 -0.57\r\n3 -0.99\r\n4 0.33\r\n5 0.66\r\n8 0.36\r\n9 0.36\r\n\r\n> <PUBCHEM_EFFECTIVE_ROTOR_COUNT>\r\n1\r\n\r\n> <PUBCHEM_PHARMACOPHORE_FEATURES>\r\n5\r\n1 1 acceptor\r\n1 2 acceptor\r\n1 3 cation\r\n1 3 donor\r\n3 1 2 5 anion\r\n\r\n> <PUBCHEM_HEAVY_ATOM_COUNT>\r\n5\r\n\r\n> <PUBCHEM_ATOM_DEF_STEREO_COUNT>\r\n0\r\n\r\n> <PUBCHEM_ATOM_UDEF_STEREO_COUNT>\r\n0\r\n\r\n> <PUBCHEM_BOND_DEF_STEREO_COUNT>\r\n0\r\n\r\n> <PUBCHEM_BOND_UDEF_STEREO_COUNT>\r\n0\r\n\r\n> <PUBCHEM_ISOTOPIC_ATOM_COUNT>\r\n0\r\n\r\n> <PUBCHEM_COMPONENT_COUNT>\r\n1\r\n\r\n> <PUBCHEM_CACTVS_TAUTO_COUNT>\r\n1\r\n\r\n> <PUBCHEM_CONFORMER_ID>\r\n000002EE00000001\r\n\r\n> <PUBCHEM_MMFF94_ENERGY>\r\n2.2569\r\n\r\n> <PUBCHEM_FEATURE_SELFOVERLAP>\r\n25.429\r\n\r\n> <PUBCHEM_SHAPE_FINGERPRINT>\r\n139733 1 9221305500492508682\r\n16714656 1 18334301928958962636\r\n20096714 4 18408886234834677880\r\n21015797 1 9580758932782445613\r\n21040471 1 18410573955102640736\r\n5460574 1 9295288339411764896\r\n5943 1 16976965699258066967\r\n\r\n> <PUBCHEM_SHAPE_MULTIPOLES>\r\n86.18\r\n1.9\r\n1.06\r\n0.56\r\n0.45\r\n0.2\r\n0\r\n-0.21\r\n0.01\r\n-0.19\r\n0\r\n0.01\r\n-0.02\r\n0\r\n\r\n> <PUBCHEM_SHAPE_SELFOVERLAP>\r\n152.844\r\n\r\n> <PUBCHEM_SHAPE_VOLUME>\r\n56.2\r\n\r\n> <PUBCHEM_COORDINATE_TYPE>\r\n2\r\n5\r\n10\r\n\r\n$$$$\r\n'),
(4, 'L-serine', 'L', '5951\r\n  -OEChem-08061307333D\r\n\r\n 14 13  0     1  0  0  0  0  0999 V2000\r\n    1.9164    1.0306   -0.2064 O   0  0  0  0  0  0  0  0  0  0  0  0\r\n   -0.9147    1.4730    0.6928 O   0  0  0  0  0  0  0  0  0  0  0  0\r\n   -1.6876    0.0439   -0.8956 O   0  0  0  0  0  0  0  0  0  0  0  0\r\n   -0.1783   -1.9614    0.3145 N   0  0  0  0  0  0  0  0  0  0  0  0\r\n    0.2499   -0.5719    0.4674 C   0  0  1  0  0  0  0  0  0  0  0  0\r\n    1.5043   -0.3229   -0.3653 C   0  0  0  0  0  0  0  0  0  0  0  0\r\n   -0.8900    0.3087   -0.0075 C   0  0  0  0  0  0  0  0  0  0  0  0\r\n    0.4351   -0.3707    1.5285 H   0  0  0  0  0  0  0  0  0  0  0  0\r\n    2.3293   -0.9735   -0.0556 H   0  0  0  0  0  0  0  0  0  0  0  0\r\n    1.3198   -0.4858   -1.4328 H   0  0  0  0  0  0  0  0  0  0  0  0\r\n   -0.3831   -2.1614   -0.6638 H   0  0  0  0  0  0  0  0  0  0  0  0\r\n   -1.0421   -2.1182    0.8321 H   0  0  0  0  0  0  0  0  0  0  0  0\r\n    2.1022    1.1706    0.7378 H   0  0  0  0  0  0  0  0  0  0  0  0\r\n   -1.6432    2.0607    0.3991 H   0  0  0  0  0  0  0  0  0  0  0  0\r\n  1  6  1  0  0  0  0\r\n  1 13  1  0  0  0  0\r\n  2  7  1  0  0  0  0\r\n  2 14  1  0  0  0  0\r\n  3  7  2  0  0  0  0\r\n  4  5  1  0  0  0  0\r\n  4 11  1  0  0  0  0\r\n  4 12  1  0  0  0  0\r\n  5  6  1  0  0  0  0\r\n  5  7  1  0  0  0  0\r\n  5  8  1  0  0  0  0\r\n  6  9  1  0  0  0  0\r\n  6 10  1  0  0  0  0\r\nM  END\r\n> <PUBCHEM_COMPOUND_CID>\r\n5951\r\n\r\n> <PUBCHEM_CONFORMER_RMSD>\r\n0.4\r\n\r\n> <PUBCHEM_CONFORMER_DIVERSEORDER>\r\n1\r\n8\r\n7\r\n4\r\n5\r\n3\r\n6\r\n2\r\n9\r\n\r\n> <PUBCHEM_MMFF94_PARTIAL_CHARGES>\r\n11\r\n1 -0.68\r\n11 0.36\r\n12 0.36\r\n13 0.4\r\n14 0.5\r\n2 -0.65\r\n3 -0.57\r\n4 -0.99\r\n5 0.33\r\n6 0.28\r\n7 0.66\r\n\r\n> <PUBCHEM_EFFECTIVE_ROTOR_COUNT>\r\n2\r\n\r\n> <PUBCHEM_PHARMACOPHORE_FEATURES>\r\n7\r\n1 1 acceptor\r\n1 1 donor\r\n1 2 acceptor\r\n1 3 acceptor\r\n1 4 cation\r\n1 4 donor\r\n3 2 3 7 anion\r\n\r\n> <PUBCHEM_HEAVY_ATOM_COUNT>\r\n7\r\n\r\n> <PUBCHEM_ATOM_DEF_STEREO_COUNT>\r\n1\r\n\r\n> <PUBCHEM_ATOM_UDEF_STEREO_COUNT>\r\n0\r\n\r\n> <PUBCHEM_BOND_DEF_STEREO_COUNT>\r\n0\r\n\r\n> <PUBCHEM_BOND_UDEF_STEREO_COUNT>\r\n0\r\n\r\n> <PUBCHEM_ISOTOPIC_ATOM_COUNT>\r\n0\r\n\r\n> <PUBCHEM_COMPONENT_COUNT>\r\n1\r\n\r\n> <PUBCHEM_CACTVS_TAUTO_COUNT>\r\n1\r\n\r\n> <PUBCHEM_CONFORMER_ID>\r\n0000173F00000001\r\n\r\n> <PUBCHEM_MMFF94_ENERGY>\r\n4.149\r\n\r\n> <PUBCHEM_FEATURE_SELFOVERLAP>\r\n35.579\r\n\r\n> <PUBCHEM_SHAPE_FINGERPRINT>\r\n137420 1 12485356495207036850\r\n139733 1 18261115153558827558\r\n18185500 45 17836357155712849555\r\n20096714 4 18195819461474012680\r\n21040471 1 18335140903522744364\r\n23552449 1 17979076307930056396\r\n24536 1 18340778112665698116\r\n29004967 10 11815602104003645950\r\n5943 1 11546198244563313227\r\n\r\n> <PUBCHEM_SHAPE_MULTIPOLES>\r\n121.47\r\n1.98\r\n1.53\r\n0.79\r\n0.38\r\n0.42\r\n0.04\r\n-0.63\r\n0.42\r\n0.06\r\n-0.29\r\n-0.18\r\n-0.03\r\n-0.17\r\n\r\n> <PUBCHEM_SHAPE_SELFOVERLAP>\r\n224.017\r\n\r\n> <PUBCHEM_SHAPE_VOLUME>\r\n76.6\r\n\r\n> <PUBCHEM_COORDINATE_TYPE>\r\n2\r\n5\r\n10\r\n\r\n$$$$\r\n'),
(5, 'D-serine', 'D', '71077\r\n  -OEChem-08061307343D\r\n\r\n 14 13  0     1  0  0  0  0  0999 V2000\r\n    1.8714   -1.0658   -0.2252 O   0  0  0  0  0  0  0  0  0  0  0  0\r\n   -0.9380   -1.4494    0.7135 O   0  0  0  0  0  0  0  0  0  0  0  0\r\n   -1.6655   -0.0394   -0.9132 O   0  0  0  0  0  0  0  0  0  0  0  0\r\n   -0.1596    1.9680    0.2979 N   0  0  0  0  0  0  0  0  0  0  0  0\r\n    0.2550    0.5772    0.4734 C   0  0  2  0  0  0  0  0  0  0  0  0\r\n    1.5205    0.3096   -0.3367 C   0  0  0  0  0  0  0  0  0  0  0  0\r\n   -0.8839   -0.3003   -0.0096 C   0  0  0  0  0  0  0  0  0  0  0  0\r\n    0.4184    0.3817    1.5391 H   0  0  0  0  0  0  0  0  0  0  0  0\r\n    1.3881    0.5373   -1.4006 H   0  0  0  0  0  0  0  0  0  0  0  0\r\n    2.3593    0.9046    0.0389 H   0  0  0  0  0  0  0  0  0  0  0  0\r\n   -0.2755    2.1737   -0.6943 H   0  0  0  0  0  0  0  0  0  0  0  0\r\n    0.5824    2.5869    0.6238 H   0  0  0  0  0  0  0  0  0  0  0  0\r\n    1.2103   -1.5834   -0.7149 H   0  0  0  0  0  0  0  0  0  0  0  0\r\n   -1.6702   -2.0321    0.4192 H   0  0  0  0  0  0  0  0  0  0  0  0\r\n  1  6  1  0  0  0  0\r\n  1 13  1  0  0  0  0\r\n  2  7  1  0  0  0  0\r\n  2 14  1  0  0  0  0\r\n  3  7  2  0  0  0  0\r\n  4  5  1  0  0  0  0\r\n  4 11  1  0  0  0  0\r\n  4 12  1  0  0  0  0\r\n  5  6  1  0  0  0  0\r\n  5  7  1  0  0  0  0\r\n  5  8  1  0  0  0  0\r\n  6  9  1  0  0  0  0\r\n  6 10  1  0  0  0  0\r\nM  END\r\n> <PUBCHEM_COMPOUND_CID>\r\n71077\r\n\r\n> <PUBCHEM_CONFORMER_RMSD>\r\n0.4\r\n\r\n> <PUBCHEM_CONFORMER_DIVERSEORDER>\r\n2\r\n8\r\n5\r\n3\r\n9\r\n1\r\n4\r\n7\r\n6\r\n\r\n> <PUBCHEM_MMFF94_PARTIAL_CHARGES>\r\n11\r\n1 -0.68\r\n11 0.36\r\n12 0.36\r\n13 0.4\r\n14 0.5\r\n2 -0.65\r\n3 -0.57\r\n4 -0.99\r\n5 0.33\r\n6 0.28\r\n7 0.66\r\n\r\n> <PUBCHEM_EFFECTIVE_ROTOR_COUNT>\r\n2\r\n\r\n> <PUBCHEM_PHARMACOPHORE_FEATURES>\r\n7\r\n1 1 acceptor\r\n1 1 donor\r\n1 2 acceptor\r\n1 3 acceptor\r\n1 4 cation\r\n1 4 donor\r\n3 2 3 7 anion\r\n\r\n> <PUBCHEM_HEAVY_ATOM_COUNT>\r\n7\r\n\r\n> <PUBCHEM_ATOM_DEF_STEREO_COUNT>\r\n1\r\n\r\n> <PUBCHEM_ATOM_UDEF_STEREO_COUNT>\r\n0\r\n\r\n> <PUBCHEM_BOND_DEF_STEREO_COUNT>\r\n0\r\n\r\n> <PUBCHEM_BOND_UDEF_STEREO_COUNT>\r\n0\r\n\r\n> <PUBCHEM_ISOTOPIC_ATOM_COUNT>\r\n0\r\n\r\n> <PUBCHEM_COMPONENT_COUNT>\r\n1\r\n\r\n> <PUBCHEM_CACTVS_TAUTO_COUNT>\r\n1\r\n\r\n> <PUBCHEM_CONFORMER_ID>\r\n000115A500000002\r\n\r\n> <PUBCHEM_MMFF94_ENERGY>\r\n4.8206\r\n\r\n> <PUBCHEM_FEATURE_SELFOVERLAP>\r\n35.579\r\n\r\n> <PUBCHEM_SHAPE_FINGERPRINT>\r\n139733 1 7853578993483642276\r\n20096714 4 7997975660920866422\r\n21040471 1 17678147530260442293\r\n24536 1 18337388352392172968\r\n29004967 10 18269561704946780802\r\n5943 1 11556452277113775561\r\n\r\n> <PUBCHEM_SHAPE_MULTIPOLES>\r\n121.47\r\n1.97\r\n1.53\r\n0.79\r\n0.35\r\n0.43\r\n-0.04\r\n-0.62\r\n-0.41\r\n0.08\r\n0.28\r\n-0.19\r\n-0.04\r\n0.19\r\n\r\n> <PUBCHEM_SHAPE_SELFOVERLAP>\r\n224.109\r\n\r\n> <PUBCHEM_SHAPE_VOLUME>\r\n76.6\r\n\r\n> <PUBCHEM_COORDINATE_TYPE>\r\n2\r\n5\r\n10\r\n\r\n$$$$\r\n'),
(6, 'L-phenylalanine', 'L', '6140\r\n  -OEChem-08061307353D\r\n\r\n 23 23  0     1  0  0  0  0  0999 V2000\r\n   -1.5606   -1.5480   -1.0372 O   0  0  0  0  0  0  0  0  0  0  0  0\r\n   -3.1863   -1.0236    0.4554 O   0  0  0  0  0  0  0  0  0  0  0  0\r\n   -2.7945    1.6326   -0.1118 N   0  0  0  0  0  0  0  0  0  0  0  0\r\n   -0.6090    0.9812    0.7905 C   0  0  0  0  0  0  0  0  0  0  0  0\r\n   -1.6652    0.7241   -0.2957 C   0  0  1  0  0  0  0  0  0  0  0  0\r\n    0.7593    0.4612    0.4141 C   0  0  0  0  0  0  0  0  0  0  0  0\r\n    1.1082   -0.8355    0.7537 C   0  0  0  0  0  0  0  0  0  0  0  0\r\n    1.6370    1.2913   -0.2633 C   0  0  0  0  0  0  0  0  0  0  0  0\r\n   -2.2259   -0.6859   -0.2249 C   0  0  0  0  0  0  0  0  0  0  0  0\r\n    2.3708   -1.3157    0.4062 C   0  0  0  0  0  0  0  0  0  0  0  0\r\n    2.8996    0.8109   -0.6109 C   0  0  0  0  0  0  0  0  0  0  0  0\r\n    3.2665   -0.4925   -0.2761 C   0  0  0  0  0  0  0  0  0  0  0  0\r\n   -0.9180    0.5378    1.7471 H   0  0  0  0  0  0  0  0  0  0  0  0\r\n   -0.5161    2.0589    0.9859 H   0  0  0  0  0  0  0  0  0  0  0  0\r\n   -1.2654    0.8943   -1.3020 H   0  0  0  0  0  0  0  0  0  0  0  0\r\n    0.4193   -1.4840    1.2872 H   0  0  0  0  0  0  0  0  0  0  0  0\r\n    1.3595    2.3068   -0.5307 H   0  0  0  0  0  0  0  0  0  0  0  0\r\n   -2.4744    2.5968   -0.1977 H   0  0  0  0  0  0  0  0  0  0  0  0\r\n   -3.1587    1.5450    0.8368 H   0  0  0  0  0  0  0  0  0  0  0  0\r\n    2.6567   -2.3305    0.6672 H   0  0  0  0  0  0  0  0  0  0  0  0\r\n    3.5970    1.4516   -1.1428 H   0  0  0  0  0  0  0  0  0  0  0  0\r\n    4.2496   -0.8665   -0.5468 H   0  0  0  0  0  0  0  0  0  0  0  0\r\n   -1.9362   -2.4531   -0.9956 H   0  0  0  0  0  0  0  0  0  0  0  0\r\n  1  9  1  0  0  0  0\r\n  1 23  1  0  0  0  0\r\n  2  9  2  0  0  0  0\r\n  3  5  1  0  0  0  0\r\n  3 18  1  0  0  0  0\r\n  3 19  1  0  0  0  0\r\n  4  5  1  0  0  0  0\r\n  4  6  1  0  0  0  0\r\n  4 13  1  0  0  0  0\r\n  4 14  1  0  0  0  0\r\n  5  9  1  0  0  0  0\r\n  5 15  1  0  0  0  0\r\n  6  7  2  0  0  0  0\r\n  6  8  1  0  0  0  0\r\n  7 10  1  0  0  0  0\r\n  7 16  1  0  0  0  0\r\n  8 11  2  0  0  0  0\r\n  8 17  1  0  0  0  0\r\n 10 12  2  0  0  0  0\r\n 10 20  1  0  0  0  0\r\n 11 12  1  0  0  0  0\r\n 11 21  1  0  0  0  0\r\n 12 22  1  0  0  0  0\r\nM  END\r\n> <PUBCHEM_COMPOUND_CID>\r\n6140\r\n\r\n> <PUBCHEM_CONFORMER_RMSD>\r\n0.6\r\n\r\n> <PUBCHEM_CONFORMER_DIVERSEORDER>\r\n1\r\n7\r\n6\r\n5\r\n2\r\n10\r\n3\r\n8\r\n4\r\n9\r\n11\r\n\r\n> <PUBCHEM_MMFF94_PARTIAL_CHARGES>\r\n20\r\n1 -0.65\r\n10 -0.15\r\n11 -0.15\r\n12 -0.15\r\n16 0.15\r\n17 0.15\r\n18 0.36\r\n19 0.36\r\n2 -0.57\r\n20 0.15\r\n21 0.15\r\n22 0.15\r\n23 0.5\r\n3 -0.99\r\n4 0.14\r\n5 0.33\r\n6 -0.14\r\n7 -0.15\r\n8 -0.15\r\n9 0.66\r\n\r\n> <PUBCHEM_EFFECTIVE_ROTOR_COUNT>\r\n3\r\n\r\n> <PUBCHEM_PHARMACOPHORE_FEATURES>\r\n6\r\n1 1 acceptor\r\n1 2 acceptor\r\n1 3 cation\r\n1 3 donor\r\n3 1 2 9 anion\r\n6 6 7 8 10 11 12 rings\r\n\r\n> <PUBCHEM_HEAVY_ATOM_COUNT>\r\n12\r\n\r\n> <PUBCHEM_ATOM_DEF_STEREO_COUNT>\r\n1\r\n\r\n> <PUBCHEM_ATOM_UDEF_STEREO_COUNT>\r\n0\r\n\r\n> <PUBCHEM_BOND_DEF_STEREO_COUNT>\r\n0\r\n\r\n> <PUBCHEM_BOND_UDEF_STEREO_COUNT>\r\n0\r\n\r\n> <PUBCHEM_ISOTOPIC_ATOM_COUNT>\r\n0\r\n\r\n> <PUBCHEM_COMPONENT_COUNT>\r\n1\r\n\r\n> <PUBCHEM_CACTVS_TAUTO_COUNT>\r\n1\r\n\r\n> <PUBCHEM_CONFORMER_ID>\r\n000017FC00000001\r\n\r\n> <PUBCHEM_MMFF94_ENERGY>\r\n22.5987\r\n\r\n> <PUBCHEM_FEATURE_SELFOVERLAP>\r\n30.505\r\n\r\n> <PUBCHEM_SHAPE_FINGERPRINT>\r\n12897270 3 18187643651828636781\r\n12932764 1 18202281445876520928\r\n14128692 85 18413387644350318440\r\n14325111 11 18335141994507955400\r\n15310529 11 18334295383333721393\r\n15775835 57 18261399909880191452\r\n16945 1 18265608969182132496\r\n17844478 74 18115317785891664955\r\n18619055 16 18339636733433074012\r\n19422 9 18408892832020391715\r\n20279233 1 17131540666045140302\r\n23402655 69 18114744836927597293\r\n23552423 10 18333728013705971810\r\n25610 137 18042978755478841441\r\n3248919 1 18040987458015951561\r\n8030462 33 18337096943266805037\r\n81228 2 16485862280881840960\r\n9939556 21 18335701594207498844\r\n\r\n> <PUBCHEM_SHAPE_MULTIPOLES>\r\n230.23\r\n5.23\r\n1.63\r\n0.87\r\n0.48\r\n0.01\r\n0\r\n0.5\r\n-0.63\r\n0.36\r\n-0.08\r\n-0.01\r\n0.09\r\n-0.39\r\n\r\n> <PUBCHEM_SHAPE_SELFOVERLAP>\r\n472.563\r\n\r\n> <PUBCHEM_SHAPE_VOLUME>\r\n132.1\r\n\r\n> <PUBCHEM_COORDINATE_TYPE>\r\n2\r\n5\r\n10\r\n\r\n$$$$\r\n'),
(7, 'D-phenylalanine', 'D', '71567\r\n  -OEChem-08061307363D\r\n\r\n 23 23  0     1  0  0  0  0  0999 V2000\r\n    1.5127   -1.5170   -1.0396 O   0  0  0  0  0  0  0  0  0  0  0  0\r\n    3.1581   -1.0556    0.4609 O   0  0  0  0  0  0  0  0  0  0  0  0\r\n    2.8016    1.6318   -0.1125 N   0  0  0  0  0  0  0  0  0  0  0  0\r\n    0.6239    0.9672    0.7943 C   0  0  0  0  0  0  0  0  0  0  0  0\r\n    1.6687    0.7241   -0.3034 C   0  0  2  0  0  0  0  0  0  0  0  0\r\n   -0.7477    0.4554    0.4163 C   0  0  0  0  0  0  0  0  0  0  0  0\r\n   -1.6272    1.2983   -0.2422 C   0  0  0  0  0  0  0  0  0  0  0  0\r\n   -1.0968   -0.8457    0.7368 C   0  0  0  0  0  0  0  0  0  0  0  0\r\n    2.2221   -0.6853   -0.2335 C   0  0  0  0  0  0  0  0  0  0  0  0\r\n   -2.8927    0.8264   -0.5905 C   0  0  0  0  0  0  0  0  0  0  0  0\r\n   -2.3623   -1.3178    0.3885 C   0  0  0  0  0  0  0  0  0  0  0  0\r\n   -3.2603   -0.4818   -0.2751 C   0  0  0  0  0  0  0  0  0  0  0  0\r\n    0.5336    2.0420    1.0059 H   0  0  0  0  0  0  0  0  0  0  0  0\r\n    0.9365    0.5097    1.7431 H   0  0  0  0  0  0  0  0  0  0  0  0\r\n    1.2656    0.9046   -1.3065 H   0  0  0  0  0  0  0  0  0  0  0  0\r\n   -1.3492    2.3175   -0.4943 H   0  0  0  0  0  0  0  0  0  0  0  0\r\n   -0.4069   -1.5038    1.2570 H   0  0  0  0  0  0  0  0  0  0  0  0\r\n    3.1661    1.5352    0.8351 H   0  0  0  0  0  0  0  0  0  0  0  0\r\n    2.4809    2.5966   -0.1891 H   0  0  0  0  0  0  0  0  0  0  0  0\r\n   -3.5917    1.4771   -1.1078 H   0  0  0  0  0  0  0  0  0  0  0  0\r\n   -2.6488   -2.3360    0.6348 H   0  0  0  0  0  0  0  0  0  0  0  0\r\n   -4.2456   -0.8493   -0.5463 H   0  0  0  0  0  0  0  0  0  0  0  0\r\n    1.8455   -2.4388   -0.9975 H   0  0  0  0  0  0  0  0  0  0  0  0\r\n  1  9  1  0  0  0  0\r\n  1 23  1  0  0  0  0\r\n  2  9  2  0  0  0  0\r\n  3  5  1  0  0  0  0\r\n  3 18  1  0  0  0  0\r\n  3 19  1  0  0  0  0\r\n  4  5  1  0  0  0  0\r\n  4  6  1  0  0  0  0\r\n  4 13  1  0  0  0  0\r\n  4 14  1  0  0  0  0\r\n  5  9  1  0  0  0  0\r\n  5 15  1  0  0  0  0\r\n  6  7  2  0  0  0  0\r\n  6  8  1  0  0  0  0\r\n  7 10  1  0  0  0  0\r\n  7 16  1  0  0  0  0\r\n  8 11  2  0  0  0  0\r\n  8 17  1  0  0  0  0\r\n 10 12  2  0  0  0  0\r\n 10 20  1  0  0  0  0\r\n 11 12  1  0  0  0  0\r\n 11 21  1  0  0  0  0\r\n 12 22  1  0  0  0  0\r\nM  END\r\n> <PUBCHEM_COMPOUND_CID>\r\n71567\r\n\r\n> <PUBCHEM_CONFORMER_RMSD>\r\n0.6\r\n\r\n> <PUBCHEM_CONFORMER_DIVERSEORDER>\r\n1\r\n7\r\n3\r\n2\r\n6\r\n4\r\n10\r\n9\r\n5\r\n8\r\n\r\n> <PUBCHEM_MMFF94_PARTIAL_CHARGES>\r\n20\r\n1 -0.65\r\n10 -0.15\r\n11 -0.15\r\n12 -0.15\r\n16 0.15\r\n17 0.15\r\n18 0.36\r\n19 0.36\r\n2 -0.57\r\n20 0.15\r\n21 0.15\r\n22 0.15\r\n23 0.5\r\n3 -0.99\r\n4 0.14\r\n5 0.33\r\n6 -0.14\r\n7 -0.15\r\n8 -0.15\r\n9 0.66\r\n\r\n> <PUBCHEM_EFFECTIVE_ROTOR_COUNT>\r\n3\r\n\r\n> <PUBCHEM_PHARMACOPHORE_FEATURES>\r\n6\r\n1 1 acceptor\r\n1 2 acceptor\r\n1 3 cation\r\n1 3 donor\r\n3 1 2 9 anion\r\n6 6 7 8 10 11 12 rings\r\n\r\n> <PUBCHEM_HEAVY_ATOM_COUNT>\r\n12\r\n\r\n> <PUBCHEM_ATOM_DEF_STEREO_COUNT>\r\n1\r\n\r\n> <PUBCHEM_ATOM_UDEF_STEREO_COUNT>\r\n0\r\n\r\n> <PUBCHEM_BOND_DEF_STEREO_COUNT>\r\n0\r\n\r\n> <PUBCHEM_BOND_UDEF_STEREO_COUNT>\r\n0\r\n\r\n> <PUBCHEM_ISOTOPIC_ATOM_COUNT>\r\n0\r\n\r\n> <PUBCHEM_COMPONENT_COUNT>\r\n1\r\n\r\n> <PUBCHEM_CACTVS_TAUTO_COUNT>\r\n1\r\n\r\n> <PUBCHEM_CONFORMER_ID>\r\n0001178F00000001\r\n\r\n> <PUBCHEM_MMFF94_ENERGY>\r\n22.4335\r\n\r\n> <PUBCHEM_FEATURE_SELFOVERLAP>\r\n30.503\r\n\r\n> <PUBCHEM_SHAPE_FINGERPRINT>\r\n10608611 8 18335978735551976677\r\n12716758 59 18114178636047481473\r\n12897270 3 18338241569067768236\r\n12932764 1 17968104092090884152\r\n14325111 11 18335136501234240817\r\n15219456 202 18410011065410675921\r\n15310529 11 18341330084519278085\r\n15775835 57 18059578065037577582\r\n16945 1 18265902354097880201\r\n17990270 104 18342182124542483390\r\n18186145 218 18260546680451744933\r\n18619055 16 18411980282024619377\r\n19973954 147 18335424573038157565\r\n20201158 50 18341894052211299359\r\n20645477 70 18341891892243708831\r\n20653085 51 17676491622915785893\r\n20671657 53 18269848531911684774\r\n21501502 16 18411704287558300617\r\n22802520 49 18334581235029851825\r\n23552423 10 18186802495553188059\r\n23559900 14 18338226056484613482\r\n2748010 2 18409733996970028243\r\n3248919 1 18202284675760486337\r\n369184 2 18409171017257816977\r\n57812782 119 18335696126629611606\r\n\r\n> <PUBCHEM_SHAPE_MULTIPOLES>\r\n230.23\r\n5.19\r\n1.63\r\n0.87\r\n0.44\r\n0.01\r\n0\r\n0.46\r\n0.61\r\n0.35\r\n0.08\r\n0.01\r\n0.09\r\n0.37\r\n\r\n> <PUBCHEM_SHAPE_SELFOVERLAP>\r\n472.985\r\n\r\n> <PUBCHEM_SHAPE_VOLUME>\r\n131.9\r\n\r\n> <PUBCHEM_COORDINATE_TYPE>\r\n2\r\n5\r\n10\r\n\r\n$$$$\r\n'),
(8, 'L-leucine', 'L', '6106\r\n  -OEChem-08061307373D\r\n\r\n 22 21  0     1  0  0  0  0  0999 V2000\r\n    1.1033   -1.2860    1.2673 O   0  0  0  0  0  0  0  0  0  0  0  0\r\n    1.5537   -1.0509   -0.9426 O   0  0  0  0  0  0  0  0  0  0  0  0\r\n    1.7313    1.7545    0.0120 N   0  0  0  0  0  0  0  0  0  0  0  0\r\n   -1.8021    0.1905   -0.4087 C   0  0  0  0  0  0  0  0  0  0  0  0\r\n   -0.5643    1.0793   -0.6494 C   0  0  0  0  0  0  0  0  0  0  0  0\r\n    0.6249    0.8408    0.2948 C   0  0  1  0  0  0  0  0  0  0  0  0\r\n   -2.3423    0.3183    1.0160 C   0  0  0  0  0  0  0  0  0  0  0  0\r\n   -1.4509   -1.2719   -0.6984 C   0  0  0  0  0  0  0  0  0  0  0  0\r\n    1.1464   -0.5747    0.1090 C   0  0  0  0  0  0  0  0  0  0  0  0\r\n   -2.5824    0.5084   -1.1114 H   0  0  0  0  0  0  0  0  0  0  0  0\r\n   -0.2445    0.9573   -1.6937 H   0  0  0  0  0  0  0  0  0  0  0  0\r\n   -0.8798    2.1273   -0.5531 H   0  0  0  0  0  0  0  0  0  0  0  0\r\n    0.3267    0.9880    1.3375 H   0  0  0  0  0  0  0  0  0  0  0  0\r\n   -1.6488   -0.0803    1.7629 H   0  0  0  0  0  0  0  0  0  0  0  0\r\n   -2.5447    1.3661    1.2610 H   0  0  0  0  0  0  0  0  0  0  0  0\r\n   -3.2828   -0.2347    1.1155 H   0  0  0  0  0  0  0  0  0  0  0  0\r\n   -0.8590   -1.3871   -1.6109 H   0  0  0  0  0  0  0  0  0  0  0  0\r\n   -0.9914   -1.7963    0.1398 H   0  0  0  0  0  0  0  0  0  0  0  0\r\n   -2.3866   -1.8167   -0.8823 H   0  0  0  0  0  0  0  0  0  0  0  0\r\n    1.4154    2.7159    0.1372 H   0  0  0  0  0  0  0  0  0  0  0  0\r\n    1.9986    1.6785   -0.9694 H   0  0  0  0  0  0  0  0  0  0  0  0\r\n    1.4347   -2.2013    1.1460 H   0  0  0  0  0  0  0  0  0  0  0  0\r\n  1  9  1  0  0  0  0\r\n  1 22  1  0  0  0  0\r\n  2  9  2  0  0  0  0\r\n  3  6  1  0  0  0  0\r\n  3 20  1  0  0  0  0\r\n  3 21  1  0  0  0  0\r\n  4  5  1  0  0  0  0\r\n  4  7  1  0  0  0  0\r\n  4  8  1  0  0  0  0\r\n  4 10  1  0  0  0  0\r\n  5  6  1  0  0  0  0\r\n  5 11  1  0  0  0  0\r\n  5 12  1  0  0  0  0\r\n  6  9  1  0  0  0  0\r\n  6 13  1  0  0  0  0\r\n  7 14  1  0  0  0  0\r\n  7 15  1  0  0  0  0\r\n  7 16  1  0  0  0  0\r\n  8 17  1  0  0  0  0\r\n  8 18  1  0  0  0  0\r\n  8 19  1  0  0  0  0\r\nM  END\r\n> <PUBCHEM_COMPOUND_CID>\r\n6106\r\n\r\n> <PUBCHEM_CONFORMER_RMSD>\r\n0.6\r\n\r\n> <PUBCHEM_CONFORMER_DIVERSEORDER>\r\n1\r\n2\r\n3\r\n\r\n> <PUBCHEM_MMFF94_PARTIAL_CHARGES>\r\n8\r\n1 -0.65\r\n2 -0.57\r\n20 0.36\r\n21 0.36\r\n22 0.5\r\n3 -0.99\r\n6 0.33\r\n9 0.66\r\n\r\n> <PUBCHEM_EFFECTIVE_ROTOR_COUNT>\r\n3\r\n\r\n> <PUBCHEM_PHARMACOPHORE_FEATURES>\r\n6\r\n1 1 acceptor\r\n1 2 acceptor\r\n1 3 cation\r\n1 3 donor\r\n3 1 2 9 anion\r\n3 4 7 8 hydrophobe\r\n\r\n> <PUBCHEM_HEAVY_ATOM_COUNT>\r\n9\r\n\r\n> <PUBCHEM_ATOM_DEF_STEREO_COUNT>\r\n1\r\n\r\n> <PUBCHEM_ATOM_UDEF_STEREO_COUNT>\r\n0\r\n\r\n> <PUBCHEM_BOND_DEF_STEREO_COUNT>\r\n0\r\n\r\n> <PUBCHEM_BOND_UDEF_STEREO_COUNT>\r\n0\r\n\r\n> <PUBCHEM_ISOTOPIC_ATOM_COUNT>\r\n0\r\n\r\n> <PUBCHEM_COMPONENT_COUNT>\r\n1\r\n\r\n> <PUBCHEM_CACTVS_TAUTO_COUNT>\r\n1\r\n\r\n> <PUBCHEM_CONFORMER_ID>\r\n000017DA00000001\r\n\r\n> <PUBCHEM_MMFF94_ENERGY>\r\n13.7321\r\n\r\n> <PUBCHEM_FEATURE_SELFOVERLAP>\r\n30.505\r\n\r\n> <PUBCHEM_SHAPE_FINGERPRINT>\r\n137420 1 10897424772938417728\r\n15310529 11 17386861507925892583\r\n18185500 45 18268135642781900343\r\n21040471 1 18049155876149393388\r\n21922407 69 16628525185827166549\r\n23552333 60 18196633293658043847\r\n24536 1 17845921987930834575\r\n29004967 10 17749113296251295537\r\n5084963 1 18048299339353457868\r\n\r\n> <PUBCHEM_SHAPE_MULTIPOLES>\r\n168.5\r\n2.73\r\n1.59\r\n1.07\r\n0.76\r\n0.06\r\n-0.19\r\n0.08\r\n-0.3\r\n-0.57\r\n0.1\r\n0.13\r\n-0.22\r\n-0.23\r\n\r\n> <PUBCHEM_SHAPE_SELFOVERLAP>\r\n313.472\r\n\r\n> <PUBCHEM_SHAPE_VOLUME>\r\n106\r\n\r\n> <PUBCHEM_COORDINATE_TYPE>\r\n2\r\n5\r\n10\r\n\r\n$$$$\r\n'),
(9, 'D-leucine', 'D', '439524\r\n  -OEChem-08061307383D\r\n\r\n 22 21  0     1  0  0  0  0  0999 V2000\r\n    2.1710   -1.4441    0.0628 O   0  0  0  0  0  0  0  0  0  0  0  0\r\n    2.6980    0.7592    0.1621 O   0  0  0  0  0  0  0  0  0  0  0  0\r\n    0.2154    1.5429   -0.5507 N   0  0  0  0  0  0  0  0  0  0  0  0\r\n   -2.0098   -0.3827    0.4553 C   0  0  0  0  0  0  0  0  0  0  0  0\r\n   -0.4914   -0.4731    0.7128 C   0  0  0  0  0  0  0  0  0  0  0  0\r\n    0.4101    0.1021   -0.3914 C   0  0  2  0  0  0  0  0  0  0  0  0\r\n   -2.4212   -1.0696   -0.8473 C   0  0  0  0  0  0  0  0  0  0  0  0\r\n   -2.4407    1.0866    0.4227 C   0  0  0  0  0  0  0  0  0  0  0  0\r\n    1.8686   -0.1213   -0.0262 C   0  0  0  0  0  0  0  0  0  0  0  0\r\n   -2.5202   -0.8771    1.2913 H   0  0  0  0  0  0  0  0  0  0  0  0\r\n   -0.2578    0.0095    1.6723 H   0  0  0  0  0  0  0  0  0  0  0  0\r\n   -0.2459   -1.5338    0.8579 H   0  0  0  0  0  0  0  0  0  0  0  0\r\n    0.2338   -0.3880   -1.3541 H   0  0  0  0  0  0  0  0  0  0  0  0\r\n   -2.0247   -0.5590   -1.7304 H   0  0  0  0  0  0  0  0  0  0  0  0\r\n   -2.0716   -2.1071   -0.8654 H   0  0  0  0  0  0  0  0  0  0  0  0\r\n   -3.5127   -1.0841   -0.9402 H   0  0  0  0  0  0  0  0  0  0  0  0\r\n   -1.9862    1.6656    1.2332 H   0  0  0  0  0  0  0  0  0  0  0  0\r\n   -2.2446    1.5734   -0.5365 H   0  0  0  0  0  0  0  0  0  0  0  0\r\n   -3.5269    1.1430    0.5659 H   0  0  0  0  0  0  0  0  0  0  0  0\r\n    0.8602    1.9055   -1.2516 H   0  0  0  0  0  0  0  0  0  0  0  0\r\n    0.4311    2.0243    0.3214 H   0  0  0  0  0  0  0  0  0  0  0  0\r\n    3.1132   -1.5883    0.2946 H   0  0  0  0  0  0  0  0  0  0  0  0\r\n  1  9  1  0  0  0  0\r\n  1 22  1  0  0  0  0\r\n  2  9  2  0  0  0  0\r\n  3  6  1  0  0  0  0\r\n  3 20  1  0  0  0  0\r\n  3 21  1  0  0  0  0\r\n  4  5  1  0  0  0  0\r\n  4  7  1  0  0  0  0\r\n  4  8  1  0  0  0  0\r\n  4 10  1  0  0  0  0\r\n  5  6  1  0  0  0  0\r\n  5 11  1  0  0  0  0\r\n  5 12  1  0  0  0  0\r\n  6  9  1  0  0  0  0\r\n  6 13  1  0  0  0  0\r\n  7 14  1  0  0  0  0\r\n  7 15  1  0  0  0  0\r\n  7 16  1  0  0  0  0\r\n  8 17  1  0  0  0  0\r\n  8 18  1  0  0  0  0\r\n  8 19  1  0  0  0  0\r\nM  END\r\n> <PUBCHEM_COMPOUND_CID>\r\n439524\r\n\r\n> <PUBCHEM_CONFORMER_RMSD>\r\n0.6\r\n\r\n> <PUBCHEM_CONFORMER_DIVERSEORDER>\r\n1\r\n3\r\n2\r\n4\r\n\r\n> <PUBCHEM_MMFF94_PARTIAL_CHARGES>\r\n8\r\n1 -0.65\r\n2 -0.57\r\n20 0.36\r\n21 0.36\r\n22 0.5\r\n3 -0.99\r\n6 0.33\r\n9 0.66\r\n\r\n> <PUBCHEM_EFFECTIVE_ROTOR_COUNT>\r\n3\r\n\r\n> <PUBCHEM_PHARMACOPHORE_FEATURES>\r\n6\r\n1 1 acceptor\r\n1 2 acceptor\r\n1 3 cation\r\n1 3 donor\r\n3 1 2 9 anion\r\n3 4 7 8 hydrophobe\r\n\r\n> <PUBCHEM_HEAVY_ATOM_COUNT>\r\n9\r\n\r\n> <PUBCHEM_ATOM_DEF_STEREO_COUNT>\r\n1\r\n\r\n> <PUBCHEM_ATOM_UDEF_STEREO_COUNT>\r\n0\r\n\r\n> <PUBCHEM_BOND_DEF_STEREO_COUNT>\r\n0\r\n\r\n> <PUBCHEM_BOND_UDEF_STEREO_COUNT>\r\n0\r\n\r\n> <PUBCHEM_ISOTOPIC_ATOM_COUNT>\r\n0\r\n\r\n> <PUBCHEM_COMPONENT_COUNT>\r\n1\r\n\r\n> <PUBCHEM_CACTVS_TAUTO_COUNT>\r\n1\r\n\r\n> <PUBCHEM_CONFORMER_ID>\r\n0006B4E400000001\r\n\r\n> <PUBCHEM_MMFF94_ENERGY>\r\n11.0487\r\n\r\n> <PUBCHEM_FEATURE_SELFOVERLAP>\r\n30.505\r\n\r\n> <PUBCHEM_SHAPE_FINGERPRINT>\r\n12932741 1 15913323602339144211\r\n12932764 1 18059863877947094307\r\n14390081 3 18343866640522328400\r\n15310529 11 18201438103531368031\r\n23552423 10 18260272918983103114\r\n24536 1 17969229000118698793\r\n29004967 10 18187088381440173690\r\n3248919 1 17967817179759390754\r\n369184 2 18202566172391297115\r\n\r\n> <PUBCHEM_SHAPE_MULTIPOLES>\r\n168.5\r\n4.02\r\n1.37\r\n0.83\r\n0.53\r\n0.11\r\n-0.03\r\n-0.26\r\n0.03\r\n-0.1\r\n-0.14\r\n-0.31\r\n-0.06\r\n-0.36\r\n\r\n> <PUBCHEM_SHAPE_SELFOVERLAP>\r\n311.843\r\n\r\n> <PUBCHEM_SHAPE_VOLUME>\r\n106.4\r\n\r\n> <PUBCHEM_COORDINATE_TYPE>\r\n2\r\n5\r\n10\r\n\r\n$$$$\r\n'),
(10, 'L-threonine', 'L', '6288\r\n  -OEChem-08061307393D\r\n\r\n 17 16  0     1  0  0  0  0  0999 V2000\r\n   -1.7106   -1.1847    0.3581 O   0  0  0  0  0  0  0  0  0  0  0  0\r\n    0.9758   -1.6811    0.1310 O   0  0  0  0  0  0  0  0  0  0  0  0\r\n    2.0214    0.1505   -0.7007 O   0  0  0  0  0  0  0  0  0  0  0  0\r\n    0.4053    1.8669    0.5743 N   0  0  0  0  0  0  0  0  0  0  0  0\r\n   -1.3544    0.1880    0.2043 C   0  0  1  0  0  0  0  0  0  0  0  0\r\n    0.0664    0.4488    0.7285 C   0  0  1  0  0  0  0  0  0  0  0  0\r\n   -1.5255    0.5514   -1.2654 C   0  0  0  0  0  0  0  0  0  0  0  0\r\n    1.1216   -0.3398   -0.0300 C   0  0  0  0  0  0  0  0  0  0  0  0\r\n    0.1453    0.1699    1.7857 H   0  0  0  0  0  0  0  0  0  0  0  0\r\n   -2.0741    0.7709    0.7921 H   0  0  0  0  0  0  0  0  0  0  0  0\r\n   -1.3273    1.6097   -1.4579 H   0  0  0  0  0  0  0  0  0  0  0  0\r\n   -2.5518    0.3376   -1.5856 H   0  0  0  0  0  0  0  0  0  0  0  0\r\n   -0.8762   -0.0531   -1.9078 H   0  0  0  0  0  0  0  0  0  0  0  0\r\n    1.3076    2.0515    1.0115 H   0  0  0  0  0  0  0  0  0  0  0  0\r\n   -0.2745    2.4357    1.0777 H   0  0  0  0  0  0  0  0  0  0  0  0\r\n   -1.6070   -1.4093    1.2985 H   0  0  0  0  0  0  0  0  0  0  0  0\r\n    1.6641   -2.1843   -0.3540 H   0  0  0  0  0  0  0  0  0  0  0  0\r\n  1  5  1  0  0  0  0\r\n  1 16  1  0  0  0  0\r\n  2  8  1  0  0  0  0\r\n  2 17  1  0  0  0  0\r\n  3  8  2  0  0  0  0\r\n  4  6  1  0  0  0  0\r\n  4 14  1  0  0  0  0\r\n  4 15  1  0  0  0  0\r\n  5  6  1  0  0  0  0\r\n  5  7  1  0  0  0  0\r\n  5 10  1  0  0  0  0\r\n  6  8  1  0  0  0  0\r\n  6  9  1  0  0  0  0\r\n  7 11  1  0  0  0  0\r\n  7 12  1  0  0  0  0\r\n  7 13  1  0  0  0  0\r\nM  END\r\n> <PUBCHEM_COMPOUND_CID>\r\n6288\r\n\r\n> <PUBCHEM_CONFORMER_RMSD>\r\n0.4\r\n\r\n> <PUBCHEM_CONFORMER_DIVERSEORDER>\r\n1\r\n7\r\n6\r\n2\r\n4\r\n9\r\n5\r\n8\r\n3\r\n\r\n> <PUBCHEM_MMFF94_PARTIAL_CHARGES>\r\n11\r\n1 -0.68\r\n14 0.36\r\n15 0.36\r\n16 0.4\r\n17 0.5\r\n2 -0.65\r\n3 -0.57\r\n4 -0.99\r\n5 0.28\r\n6 0.33\r\n8 0.66\r\n\r\n> <PUBCHEM_EFFECTIVE_ROTOR_COUNT>\r\n2\r\n\r\n> <PUBCHEM_PHARMACOPHORE_FEATURES>\r\n7\r\n1 1 acceptor\r\n1 1 donor\r\n1 2 acceptor\r\n1 3 acceptor\r\n1 4 cation\r\n1 4 donor\r\n3 2 3 8 anion\r\n\r\n> <PUBCHEM_HEAVY_ATOM_COUNT>\r\n8\r\n\r\n> <PUBCHEM_ATOM_DEF_STEREO_COUNT>\r\n2\r\n\r\n> <PUBCHEM_ATOM_UDEF_STEREO_COUNT>\r\n0\r\n\r\n> <PUBCHEM_BOND_DEF_STEREO_COUNT>\r\n0\r\n\r\n> <PUBCHEM_BOND_UDEF_STEREO_COUNT>\r\n0\r\n\r\n> <PUBCHEM_ISOTOPIC_ATOM_COUNT>\r\n0\r\n\r\n> <PUBCHEM_COMPONENT_COUNT>\r\n1\r\n\r\n> <PUBCHEM_CACTVS_TAUTO_COUNT>\r\n1\r\n\r\n> <PUBCHEM_CONFORMER_ID>\r\n0000189000000001\r\n\r\n> <PUBCHEM_MMFF94_ENERGY>\r\n6.7234\r\n\r\n> <PUBCHEM_FEATURE_SELFOVERLAP>\r\n35.586\r\n\r\n> <PUBCHEM_SHAPE_FINGERPRINT>\r\n137420 1 13495736796882073608\r\n18185500 45 18270121205962491394\r\n21040471 1 17751616811345107861\r\n24536 1 18193275195867535578\r\n29004967 10 18272373078769385426\r\n5943 1 15743565239240249753\r\n\r\n> <PUBCHEM_SHAPE_MULTIPOLES>\r\n142.05\r\n2.2\r\n1.48\r\n0.98\r\n0\r\n0.04\r\n-0.2\r\n-0.32\r\n-0.58\r\n0.15\r\n0.3\r\n-0.22\r\n0.18\r\n0.2\r\n\r\n> <PUBCHEM_SHAPE_SELFOVERLAP>\r\n265.499\r\n\r\n> <PUBCHEM_SHAPE_VOLUME>\r\n88.9\r\n\r\n> <PUBCHEM_COORDINATE_TYPE>\r\n2\r\n5\r\n10\r\n\r\n$$$$\r\n'),
(11, 'D-threonine', 'D', '69435\r\n  -OEChem-08061307403D\r\n\r\n 17 16  0     1  0  0  0  0  0999 V2000\r\n    1.1556    0.5726    1.3653 O   0  0  0  0  0  0  0  0  0  0  0  0\r\n   -1.6606    1.3370   -0.5627 O   0  0  0  0  0  0  0  0  0  0  0  0\r\n   -2.0926   -0.5633    0.5958 O   0  0  0  0  0  0  0  0  0  0  0  0\r\n    0.2151   -1.7284   -0.1114 N   0  0  0  0  0  0  0  0  0  0  0  0\r\n    1.1567    0.5443   -0.0609 C   0  0  2  0  0  0  0  0  0  0  0  0\r\n    0.0292   -0.3555   -0.5909 C   0  0  2  0  0  0  0  0  0  0  0  0\r\n    2.5413    0.1010   -0.5167 C   0  0  0  0  0  0  0  0  0  0  0  0\r\n   -1.3445    0.0924   -0.1184 C   0  0  0  0  0  0  0  0  0  0  0  0\r\n    0.0171   -0.3682   -1.6865 H   0  0  0  0  0  0  0  0  0  0  0  0\r\n    0.9835    1.5718   -0.4021 H   0  0  0  0  0  0  0  0  0  0  0  0\r\n    3.2904    0.8422   -0.2157 H   0  0  0  0  0  0  0  0  0  0  0  0\r\n    2.5873   -0.0072   -1.6045 H   0  0  0  0  0  0  0  0  0  0  0  0\r\n    2.8448   -0.8413   -0.0485 H   0  0  0  0  0  0  0  0  0  0  0  0\r\n    0.3551   -1.7254    0.8986 H   0  0  0  0  0  0  0  0  0  0  0  0\r\n    1.0624   -2.1259   -0.5136 H   0  0  0  0  0  0  0  0  0  0  0  0\r\n    1.8546    1.1864    1.6488 H   0  0  0  0  0  0  0  0  0  0  0  0\r\n   -2.5436    1.6245   -0.2466 H   0  0  0  0  0  0  0  0  0  0  0  0\r\n  1  5  1  0  0  0  0\r\n  1 16  1  0  0  0  0\r\n  2  8  1  0  0  0  0\r\n  2 17  1  0  0  0  0\r\n  3  8  2  0  0  0  0\r\n  4  6  1  0  0  0  0\r\n  4 14  1  0  0  0  0\r\n  4 15  1  0  0  0  0\r\n  5  6  1  0  0  0  0\r\n  5  7  1  0  0  0  0\r\n  5 10  1  0  0  0  0\r\n  6  8  1  0  0  0  0\r\n  6  9  1  0  0  0  0\r\n  7 11  1  0  0  0  0\r\n  7 12  1  0  0  0  0\r\n  7 13  1  0  0  0  0\r\nM  END\r\n> <PUBCHEM_COMPOUND_CID>\r\n69435\r\n\r\n> <PUBCHEM_CONFORMER_RMSD>\r\n0.4\r\n\r\n> <PUBCHEM_CONFORMER_DIVERSEORDER>\r\n2\r\n6\r\n7\r\n3\r\n4\r\n8\r\n9\r\n1\r\n5\r\n\r\n> <PUBCHEM_MMFF94_PARTIAL_CHARGES>\r\n11\r\n1 -0.68\r\n14 0.36\r\n15 0.36\r\n16 0.4\r\n17 0.5\r\n2 -0.65\r\n3 -0.57\r\n4 -0.99\r\n5 0.28\r\n6 0.33\r\n8 0.66\r\n\r\n> <PUBCHEM_EFFECTIVE_ROTOR_COUNT>\r\n2\r\n\r\n> <PUBCHEM_PHARMACOPHORE_FEATURES>\r\n7\r\n1 1 acceptor\r\n1 1 donor\r\n1 2 acceptor\r\n1 3 acceptor\r\n1 4 cation\r\n1 4 donor\r\n3 2 3 8 anion\r\n\r\n> <PUBCHEM_HEAVY_ATOM_COUNT>\r\n8\r\n\r\n> <PUBCHEM_ATOM_DEF_STEREO_COUNT>\r\n2\r\n\r\n> <PUBCHEM_ATOM_UDEF_STEREO_COUNT>\r\n0\r\n\r\n> <PUBCHEM_BOND_DEF_STEREO_COUNT>\r\n0\r\n\r\n> <PUBCHEM_BOND_UDEF_STEREO_COUNT>\r\n0\r\n\r\n> <PUBCHEM_ISOTOPIC_ATOM_COUNT>\r\n0\r\n\r\n> <PUBCHEM_COMPONENT_COUNT>\r\n1\r\n\r\n> <PUBCHEM_CACTVS_TAUTO_COUNT>\r\n1\r\n\r\n> <PUBCHEM_CONFORMER_ID>\r\n00010F3B00000002\r\n\r\n> <PUBCHEM_MMFF94_ENERGY>\r\n7.8468\r\n\r\n> <PUBCHEM_FEATURE_SELFOVERLAP>\r\n35.582\r\n\r\n> <PUBCHEM_SHAPE_FINGERPRINT>\r\n16714656 1 18263372532466452214\r\n20096714 4 17275103967771227305\r\n21040471 1 18411128134848797350\r\n24536 1 18042111094633258829\r\n29004967 10 16486988288283814198\r\n5084963 1 18201720699230630045\r\n\r\n> <PUBCHEM_SHAPE_MULTIPOLES>\r\n142.05\r\n2.83\r\n1.21\r\n0.92\r\n0.44\r\n0.3\r\n-0.22\r\n-0.37\r\n0.11\r\n-0.25\r\n0.08\r\n0.16\r\n-0.14\r\n0.3\r\n\r\n> <PUBCHEM_SHAPE_SELFOVERLAP>\r\n264.479\r\n\r\n> <PUBCHEM_SHAPE_VOLUME>\r\n89.2\r\n\r\n> <PUBCHEM_COORDINATE_TYPE>\r\n2\r\n5\r\n10\r\n\r\n$$$$\r\n'),
(12, 'L-tyrosine', 'L', '6057\r\n  -OEChem-08061307413D\r\n\r\n 24 24  0     1  0  0  0  0  0999 V2000\r\n   -1.7727   -1.6313   -0.9931 O   0  0  0  0  0  0  0  0  0  0  0  0\r\n    4.2183   -0.6351   -0.3947 O   0  0  0  0  0  0  0  0  0  0  0  0\r\n   -3.4801   -1.1584    0.4234 O   0  0  0  0  0  0  0  0  0  0  0  0\r\n   -3.2387    1.4947   -0.2351 N   0  0  0  0  0  0  0  0  0  0  0  0\r\n   -1.0493    1.0210    0.7633 C   0  0  0  0  0  0  0  0  0  0  0  0\r\n   -2.0479    0.6553   -0.3458 C   0  0  1  0  0  0  0  0  0  0  0  0\r\n    0.3618    0.5774    0.4529 C   0  0  0  0  0  0  0  0  0  0  0  0\r\n    0.7803   -0.6798    0.8553 C   0  0  0  0  0  0  0  0  0  0  0  0\r\n    1.2077    1.4373   -0.2276 C   0  0  0  0  0  0  0  0  0  0  0  0\r\n   -2.5197   -0.7846   -0.2378 C   0  0  0  0  0  0  0  0  0  0  0  0\r\n    2.0827   -1.0891    0.5690 C   0  0  0  0  0  0  0  0  0  0  0  0\r\n    2.5101    1.0280   -0.5141 C   0  0  0  0  0  0  0  0  0  0  0  0\r\n    2.9476   -0.2353   -0.1158 C   0  0  0  0  0  0  0  0  0  0  0  0\r\n   -1.3631    0.5945    1.7261 H   0  0  0  0  0  0  0  0  0  0  0  0\r\n   -1.0322    2.1089    0.9190 H   0  0  0  0  0  0  0  0  0  0  0  0\r\n   -1.6246    0.8135   -1.3445 H   0  0  0  0  0  0  0  0  0  0  0  0\r\n    0.1158   -1.3512    1.3914 H   0  0  0  0  0  0  0  0  0  0  0  0\r\n    0.8752    2.4217   -0.5440 H   0  0  0  0  0  0  0  0  0  0  0  0\r\n   -2.9777    2.4737   -0.3486 H   0  0  0  0  0  0  0  0  0  0  0  0\r\n   -3.6297    1.4190    0.7038 H   0  0  0  0  0  0  0  0  0  0  0  0\r\n    2.4114   -2.0754    0.8853 H   0  0  0  0  0  0  0  0  0  0  0  0\r\n    3.1790    1.6973   -1.0482 H   0  0  0  0  0  0  0  0  0  0  0  0\r\n   -2.0912   -2.5568   -0.9282 H   0  0  0  0  0  0  0  0  0  0  0  0\r\n    4.3494   -1.5339   -0.0467 H   0  0  0  0  0  0  0  0  0  0  0  0\r\n  1 10  1  0  0  0  0\r\n  1 23  1  0  0  0  0\r\n  2 13  1  0  0  0  0\r\n  2 24  1  0  0  0  0\r\n  3 10  2  0  0  0  0\r\n  4  6  1  0  0  0  0\r\n  4 19  1  0  0  0  0\r\n  4 20  1  0  0  0  0\r\n  5  6  1  0  0  0  0\r\n  5  7  1  0  0  0  0\r\n  5 14  1  0  0  0  0\r\n  5 15  1  0  0  0  0\r\n  6 10  1  0  0  0  0\r\n  6 16  1  0  0  0  0\r\n  7  8  2  0  0  0  0\r\n  7  9  1  0  0  0  0\r\n  8 11  1  0  0  0  0\r\n  8 17  1  0  0  0  0\r\n  9 12  2  0  0  0  0\r\n  9 18  1  0  0  0  0\r\n 11 13  2  0  0  0  0\r\n 11 21  1  0  0  0  0\r\n 12 13  1  0  0  0  0\r\n 12 22  1  0  0  0  0\r\nM  END\r\n> <PUBCHEM_COMPOUND_CID>\r\n6057\r\n\r\n> <PUBCHEM_CONFORMER_RMSD>\r\n0.6\r\n\r\n> <PUBCHEM_CONFORMER_DIVERSEORDER>\r\n1\r\n6\r\n7\r\n5\r\n10\r\n2\r\n9\r\n3\r\n4\r\n8\r\n\r\n> <PUBCHEM_MMFF94_PARTIAL_CHARGES>\r\n21\r\n1 -0.65\r\n10 0.66\r\n11 -0.15\r\n12 -0.15\r\n13 0.08\r\n17 0.15\r\n18 0.15\r\n19 0.36\r\n2 -0.53\r\n20 0.36\r\n21 0.15\r\n22 0.15\r\n23 0.5\r\n24 0.45\r\n3 -0.57\r\n4 -0.99\r\n5 0.14\r\n6 0.33\r\n7 -0.14\r\n8 -0.15\r\n9 -0.15\r\n\r\n> <PUBCHEM_EFFECTIVE_ROTOR_COUNT>\r\n3\r\n\r\n> <PUBCHEM_PHARMACOPHORE_FEATURES>\r\n7\r\n1 1 acceptor\r\n1 2 donor\r\n1 3 acceptor\r\n1 4 cation\r\n1 4 donor\r\n3 1 3 10 anion\r\n6 7 8 9 11 12 13 rings\r\n\r\n> <PUBCHEM_HEAVY_ATOM_COUNT>\r\n13\r\n\r\n> <PUBCHEM_ATOM_DEF_STEREO_COUNT>\r\n1\r\n\r\n> <PUBCHEM_ATOM_UDEF_STEREO_COUNT>\r\n0\r\n\r\n> <PUBCHEM_BOND_DEF_STEREO_COUNT>\r\n0\r\n\r\n> <PUBCHEM_BOND_UDEF_STEREO_COUNT>\r\n0\r\n\r\n> <PUBCHEM_ISOTOPIC_ATOM_COUNT>\r\n0\r\n\r\n> <PUBCHEM_COMPONENT_COUNT>\r\n1\r\n\r\n> <PUBCHEM_CACTVS_TAUTO_COUNT>\r\n2\r\n\r\n> <PUBCHEM_CONFORMER_ID>\r\n000017A900000001\r\n\r\n> <PUBCHEM_MMFF94_ENERGY>\r\n24.6717\r\n\r\n> <PUBCHEM_FEATURE_SELFOVERLAP>\r\n35.579\r\n\r\n> <PUBCHEM_SHAPE_FINGERPRINT>\r\n11401426 45 18260825969669806040\r\n11769659 78 18341888602140244366\r\n12897270 3 18113612430313781153\r\n12932764 1 18129942394110394737\r\n13296908 3 18273209815755699136\r\n14128692 85 18413106186426960904\r\n14325111 11 18335140912065485488\r\n15775835 57 18114465560973810741\r\n16945 1 18192425496627847928\r\n17844478 74 18042131002144350971\r\n18186145 218 17821725039901998140\r\n19422 9 18339652238544457555\r\n20279233 1 16988554689153481036\r\n20645476 183 18335698308821443519\r\n21119208 17 18408603630292033564\r\n23402539 116 18187363195624195710\r\n23402655 69 18040997289201717828\r\n23552423 10 18334289902945012705\r\n23559900 14 18059850633264985618\r\n23598291 2 17897714375777863563\r\n305870 269 9727642699922544684\r\n3312278 4 18411419475307455705\r\n465052 167 18126856117313195127\r\n7364860 26 18128814329724976200\r\n81228 2 16485866700213349416\r\n93112 12 18335417954599056069\r\n9939556 21 18408885126759599821\r\n\r\n> <PUBCHEM_SHAPE_MULTIPOLES>\r\n244.94\r\n6.02\r\n1.6\r\n0.87\r\n0.36\r\n0.04\r\n0.03\r\n-1.03\r\n-0.95\r\n-0.57\r\n-0.12\r\n-0.03\r\n-0.09\r\n-0.3\r\n\r\n> <PUBCHEM_SHAPE_SELFOVERLAP>\r\n506.139\r\n\r\n> <PUBCHEM_SHAPE_VOLUME>\r\n140.1\r\n\r\n> <PUBCHEM_COORDINATE_TYPE>\r\n2\r\n5\r\n10\r\n\r\n$$$$\r\n'),
(13, 'D-tyrosine', 'D', '71098\r\n  -OEChem-08061307423D\r\n\r\n 24 24  0     1  0  0  0  0  0999 V2000\r\n    1.7271   -1.5966   -0.9966 O   0  0  0  0  0  0  0  0  0  0  0  0\r\n   -4.2133   -0.6209   -0.3958 O   0  0  0  0  0  0  0  0  0  0  0  0\r\n    3.4506   -1.1874    0.4296 O   0  0  0  0  0  0  0  0  0  0  0  0\r\n    3.2442    1.4946   -0.2358 N   0  0  0  0  0  0  0  0  0  0  0  0\r\n    1.0624    1.0053    0.7676 C   0  0  0  0  0  0  0  0  0  0  0  0\r\n    2.0502    0.6553   -0.3537 C   0  0  2  0  0  0  0  0  0  0  0  0\r\n   -0.3513    0.5693    0.4555 C   0  0  0  0  0  0  0  0  0  0  0  0\r\n   -1.1985    1.4425   -0.2053 C   0  0  0  0  0  0  0  0  0  0  0  0\r\n   -0.7695   -0.6940    0.8379 C   0  0  0  0  0  0  0  0  0  0  0  0\r\n    2.5156   -0.7832   -0.2474 C   0  0  0  0  0  0  0  0  0  0  0  0\r\n   -2.5030    1.0403   -0.4924 C   0  0  0  0  0  0  0  0  0  0  0  0\r\n   -2.0739   -1.0962    0.5507 C   0  0  0  0  0  0  0  0  0  0  0  0\r\n   -2.9406   -0.2290   -0.1144 C   0  0  0  0  0  0  0  0  0  0  0  0\r\n    1.0477    2.0908    0.9402 H   0  0  0  0  0  0  0  0  0  0  0  0\r\n    1.3790    0.5639    1.7227 H   0  0  0  0  0  0  0  0  0  0  0  0\r\n    1.6240    0.8245   -1.3492 H   0  0  0  0  0  0  0  0  0  0  0  0\r\n   -0.8660    2.4318   -0.5060 H   0  0  0  0  0  0  0  0  0  0  0  0\r\n   -0.1041   -1.3754    1.3599 H   0  0  0  0  0  0  0  0  0  0  0  0\r\n    3.6352    1.4097    0.7024 H   0  0  0  0  0  0  0  0  0  0  0  0\r\n    2.9823    2.4746   -0.3391 H   0  0  0  0  0  0  0  0  0  0  0  0\r\n   -3.1732    1.7199   -1.0116 H   0  0  0  0  0  0  0  0  0  0  0  0\r\n   -2.4029   -2.0874    0.8511 H   0  0  0  0  0  0  0  0  0  0  0  0\r\n    2.0023   -2.5357   -0.9297 H   0  0  0  0  0  0  0  0  0  0  0  0\r\n   -4.3449   -1.5256   -0.0636 H   0  0  0  0  0  0  0  0  0  0  0  0\r\n  1 10  1  0  0  0  0\r\n  1 23  1  0  0  0  0\r\n  2 13  1  0  0  0  0\r\n  2 24  1  0  0  0  0\r\n  3 10  2  0  0  0  0\r\n  4  6  1  0  0  0  0\r\n  4 19  1  0  0  0  0\r\n  4 20  1  0  0  0  0\r\n  5  6  1  0  0  0  0\r\n  5  7  1  0  0  0  0\r\n  5 14  1  0  0  0  0\r\n  5 15  1  0  0  0  0\r\n  6 10  1  0  0  0  0\r\n  6 16  1  0  0  0  0\r\n  7  8  2  0  0  0  0\r\n  7  9  1  0  0  0  0\r\n  8 11  1  0  0  0  0\r\n  8 17  1  0  0  0  0\r\n  9 12  2  0  0  0  0\r\n  9 18  1  0  0  0  0\r\n 11 13  2  0  0  0  0\r\n 11 21  1  0  0  0  0\r\n 12 13  1  0  0  0  0\r\n 12 22  1  0  0  0  0\r\nM  END\r\n> <PUBCHEM_COMPOUND_CID>\r\n71098\r\n\r\n> <PUBCHEM_CONFORMER_RMSD>\r\n0.6\r\n\r\n> <PUBCHEM_CONFORMER_DIVERSEORDER>\r\n1\r\n6\r\n3\r\n7\r\n5\r\n10\r\n9\r\n4\r\n2\r\n8\r\n\r\n> <PUBCHEM_MMFF94_PARTIAL_CHARGES>\r\n21\r\n1 -0.65\r\n10 0.66\r\n11 -0.15\r\n12 -0.15\r\n13 0.08\r\n17 0.15\r\n18 0.15\r\n19 0.36\r\n2 -0.53\r\n20 0.36\r\n21 0.15\r\n22 0.15\r\n23 0.5\r\n24 0.45\r\n3 -0.57\r\n4 -0.99\r\n5 0.14\r\n6 0.33\r\n7 -0.14\r\n8 -0.15\r\n9 -0.15\r\n\r\n> <PUBCHEM_EFFECTIVE_ROTOR_COUNT>\r\n3\r\n\r\n> <PUBCHEM_PHARMACOPHORE_FEATURES>\r\n7\r\n1 1 acceptor\r\n1 2 donor\r\n1 3 acceptor\r\n1 4 cation\r\n1 4 donor\r\n3 1 3 10 anion\r\n6 7 8 9 11 12 13 rings\r\n\r\n> <PUBCHEM_HEAVY_ATOM_COUNT>\r\n13\r\n\r\n> <PUBCHEM_ATOM_DEF_STEREO_COUNT>\r\n1\r\n\r\n> <PUBCHEM_ATOM_UDEF_STEREO_COUNT>\r\n0\r\n\r\n> <PUBCHEM_BOND_DEF_STEREO_COUNT>\r\n0\r\n\r\n> <PUBCHEM_BOND_UDEF_STEREO_COUNT>\r\n0\r\n\r\n> <PUBCHEM_ISOTOPIC_ATOM_COUNT>\r\n0\r\n\r\n> <PUBCHEM_COMPONENT_COUNT>\r\n1\r\n\r\n> <PUBCHEM_CACTVS_TAUTO_COUNT>\r\n2\r\n\r\n> <PUBCHEM_CONFORMER_ID>\r\n000115BA00000001\r\n\r\n> <PUBCHEM_MMFF94_ENERGY>\r\n24.4999\r\n\r\n> <PUBCHEM_FEATURE_SELFOVERLAP>\r\n35.577\r\n\r\n> <PUBCHEM_SHAPE_FINGERPRINT>\r\n10608611 8 18407755941218833820\r\n10857977 72 12103842371718169817\r\n11769659 78 17702936063153906327\r\n12032990 46 18260552268605039323\r\n12251169 10 10592040254335203866\r\n12716758 59 18040716965518471849\r\n12897270 3 18337116755977542532\r\n12932764 1 17131826586255291953\r\n14251717 144 18202562882404520783\r\n14325111 11 18335420157922527505\r\n15219456 202 18410011048098976905\r\n15775835 57 18059576952783472742\r\n16945 1 18192718838593916169\r\n17990270 104 18269844133696485406\r\n18186145 218 17895191074012305045\r\n200 152 17988923361953169852\r\n20201158 50 18412829053562167518\r\n20279233 1 18334577983449465008\r\n20361792 2 16487253266001360881\r\n20645476 183 16081088199265934683\r\n20645477 70 18413106156436315887\r\n20671657 53 18269284469625069790\r\n21501502 16 18340494382499179032\r\n21501925 9 18411128122327866490\r\n22802520 49 18261120663980821521\r\n23402539 116 18261380135692524644\r\n23552423 10 18187366519074340617\r\n23559900 14 18337944572928472226\r\n57812782 119 18334292046075671102\r\n7364860 26 18339079405908789592\r\n\r\n> <PUBCHEM_SHAPE_MULTIPOLES>\r\n244.94\r\n5.98\r\n1.6\r\n0.86\r\n0.42\r\n0.05\r\n-0.03\r\n-0.98\r\n0.94\r\n-0.56\r\n0.11\r\n-0.04\r\n-0.09\r\n0.28\r\n\r\n> <PUBCHEM_SHAPE_SELFOVERLAP>\r\n506.531\r\n\r\n> <PUBCHEM_SHAPE_VOLUME>\r\n139.9\r\n\r\n> <PUBCHEM_COORDINATE_TYPE>\r\n2\r\n5\r\n10\r\n\r\n$$$$\r\n');
INSERT INTO `databaseInput_substrate` (`id`, `name`, `chirality`, `structure`) VALUES
(14, 'L-glutamine', 'L', '5961\r\n  -OEChem-08061307443D\r\n\r\n 20 19  0     1  0  0  0  0  0999 V2000\r\n   -2.1389    1.6370    0.5099 O   0  0  0  0  0  0  0  0  0  0  0  0\r\n   -2.6773    0.2475   -1.1973 O   0  0  0  0  0  0  0  0  0  0  0  0\r\n    2.9039    0.2551    1.0351 O   0  0  0  0  0  0  0  0  0  0  0  0\r\n   -1.4789   -1.8922   -0.0291 N   0  0  0  0  0  0  0  0  0  0  0  0\r\n    3.2441    0.1932   -1.2385 N   0  0  0  0  0  0  0  0  0  0  0  0\r\n    0.1338   -0.2355    0.8758 C   0  0  0  0  0  0  0  0  0  0  0  0\r\n   -1.3424   -0.6086    0.6590 C   0  0  1  0  0  0  0  0  0  0  0  0\r\n    1.0032   -0.1458   -0.3839 C   0  0  0  0  0  0  0  0  0  0  0  0\r\n   -2.1158    0.4356   -0.1257 C   0  0  0  0  0  0  0  0  0  0  0  0\r\n    2.4683    0.1136   -0.1051 C   0  0  0  0  0  0  0  0  0  0  0  0\r\n    0.1904    0.7236    1.4071 H   0  0  0  0  0  0  0  0  0  0  0  0\r\n    0.5783   -0.9764    1.5545 H   0  0  0  0  0  0  0  0  0  0  0  0\r\n   -1.8319   -0.7041    1.6355 H   0  0  0  0  0  0  0  0  0  0  0  0\r\n    0.9500   -1.0821   -0.9509 H   0  0  0  0  0  0  0  0  0  0  0  0\r\n    0.6339    0.6568   -1.0331 H   0  0  0  0  0  0  0  0  0  0  0  0\r\n   -1.1360   -1.8186   -0.9858 H   0  0  0  0  0  0  0  0  0  0  0  0\r\n   -2.4648   -2.1420   -0.0988 H   0  0  0  0  0  0  0  0  0  0  0  0\r\n    2.8560    0.0780   -2.1693 H   0  0  0  0  0  0  0  0  0  0  0  0\r\n    4.2414    0.3697   -1.1781 H   0  0  0  0  0  0  0  0  0  0  0  0\r\n   -2.6450    2.3081    0.0041 H   0  0  0  0  0  0  0  0  0  0  0  0\r\n  1  9  1  0  0  0  0\r\n  1 20  1  0  0  0  0\r\n  2  9  2  0  0  0  0\r\n  3 10  2  0  0  0  0\r\n  4  7  1  0  0  0  0\r\n  4 16  1  0  0  0  0\r\n  4 17  1  0  0  0  0\r\n  5 10  1  0  0  0  0\r\n  5 18  1  0  0  0  0\r\n  5 19  1  0  0  0  0\r\n  6  7  1  0  0  0  0\r\n  6  8  1  0  0  0  0\r\n  6 11  1  0  0  0  0\r\n  6 12  1  0  0  0  0\r\n  7  9  1  0  0  0  0\r\n  7 13  1  0  0  0  0\r\n  8 10  1  0  0  0  0\r\n  8 14  1  0  0  0  0\r\n  8 15  1  0  0  0  0\r\nM  END\r\n> <PUBCHEM_COMPOUND_CID>\r\n5961\r\n\r\n> <PUBCHEM_CONFORMER_RMSD>\r\n0.6\r\n\r\n> <PUBCHEM_CONFORMER_DIVERSEORDER>\r\n2\r\n37\r\n42\r\n38\r\n46\r\n41\r\n13\r\n35\r\n3\r\n25\r\n34\r\n30\r\n45\r\n22\r\n4\r\n39\r\n11\r\n14\r\n31\r\n10\r\n8\r\n20\r\n33\r\n43\r\n44\r\n26\r\n1\r\n7\r\n32\r\n40\r\n28\r\n24\r\n36\r\n23\r\n17\r\n19\r\n9\r\n29\r\n5\r\n15\r\n27\r\n18\r\n6\r\n21\r\n16\r\n12\r\n\r\n> <PUBCHEM_MMFF94_PARTIAL_CHARGES>\r\n14\r\n1 -0.65\r\n10 0.57\r\n16 0.36\r\n17 0.36\r\n18 0.37\r\n19 0.37\r\n2 -0.57\r\n20 0.5\r\n3 -0.57\r\n4 -0.99\r\n5 -0.8\r\n7 0.33\r\n8 0.06\r\n9 0.66\r\n\r\n> <PUBCHEM_EFFECTIVE_ROTOR_COUNT>\r\n4\r\n\r\n> <PUBCHEM_PHARMACOPHORE_FEATURES>\r\n7\r\n1 1 acceptor\r\n1 2 acceptor\r\n1 3 acceptor\r\n1 4 cation\r\n1 4 donor\r\n1 5 donor\r\n3 1 2 9 anion\r\n\r\n> <PUBCHEM_HEAVY_ATOM_COUNT>\r\n10\r\n\r\n> <PUBCHEM_ATOM_DEF_STEREO_COUNT>\r\n1\r\n\r\n> <PUBCHEM_ATOM_UDEF_STEREO_COUNT>\r\n0\r\n\r\n> <PUBCHEM_BOND_DEF_STEREO_COUNT>\r\n0\r\n\r\n> <PUBCHEM_BOND_UDEF_STEREO_COUNT>\r\n0\r\n\r\n> <PUBCHEM_ISOTOPIC_ATOM_COUNT>\r\n0\r\n\r\n> <PUBCHEM_COMPONENT_COUNT>\r\n1\r\n\r\n> <PUBCHEM_CACTVS_TAUTO_COUNT>\r\n2\r\n\r\n> <PUBCHEM_CONFORMER_ID>\r\n0000174900000002\r\n\r\n> <PUBCHEM_MMFF94_ENERGY>\r\n9.9844\r\n\r\n> <PUBCHEM_FEATURE_SELFOVERLAP>\r\n35.58\r\n\r\n> <PUBCHEM_SHAPE_FINGERPRINT>\r\n12716758 59 18342740702008311338\r\n12897270 3 16702301217734052424\r\n12932741 1 17917999407764667114\r\n12932764 1 18334583489935194138\r\n14390081 3 18342735200139270448\r\n15775835 57 17458065962502918541\r\n19837323 101 18270688567211238441\r\n19973954 147 18341617082840028544\r\n20653085 51 18189068537351904184\r\n3248919 1 18408040706409031318\r\n\r\n> <PUBCHEM_SHAPE_MULTIPOLES>\r\n178.23\r\n4.89\r\n1.19\r\n1.08\r\n2.71\r\n0.25\r\n0.05\r\n-1.17\r\n0.84\r\n-0.99\r\n-0.03\r\n0.21\r\n-0.1\r\n-0.24\r\n\r\n> <PUBCHEM_SHAPE_SELFOVERLAP>\r\n337.458\r\n\r\n> <PUBCHEM_SHAPE_VOLUME>\r\n109.4\r\n\r\n> <PUBCHEM_COORDINATE_TYPE>\r\n2\r\n5\r\n10\r\n\r\n$$$$\r\n'),
(15, 'D-glutamine', 'D', '145815\r\n  -OEChem-08061307443D\r\n\r\n 20 19  0     1  0  0  0  0  0999 V2000\r\n   -1.8849   -1.5237    0.9234 O   0  0  0  0  0  0  0  0  0  0  0  0\r\n   -2.6131   -0.6801   -1.0497 O   0  0  0  0  0  0  0  0  0  0  0  0\r\n    2.8835    0.1297    1.0306 O   0  0  0  0  0  0  0  0  0  0  0  0\r\n   -1.6676    1.8080   -0.5058 N   0  0  0  0  0  0  0  0  0  0  0  0\r\n    3.1776   -0.5963   -1.1318 N   0  0  0  0  0  0  0  0  0  0  0  0\r\n    0.1264    0.6331    0.7408 C   0  0  0  0  0  0  0  0  0  0  0  0\r\n   -1.3839    0.7687    0.4835 C   0  0  2  0  0  0  0  0  0  0  0  0\r\n    0.9683    0.1008   -0.4248 C   0  0  0  0  0  0  0  0  0  0  0  0\r\n   -2.0327   -0.5217    0.0166 C   0  0  0  0  0  0  0  0  0  0  0  0\r\n    2.4264   -0.1186   -0.0827 C   0  0  0  0  0  0  0  0  0  0  0  0\r\n    0.5272    1.6059    1.0562 H   0  0  0  0  0  0  0  0  0  0  0  0\r\n    0.2688   -0.0353    1.6008 H   0  0  0  0  0  0  0  0  0  0  0  0\r\n   -1.8794    1.0630    1.4162 H   0  0  0  0  0  0  0  0  0  0  0  0\r\n    0.5672   -0.8589   -0.7709 H   0  0  0  0  0  0  0  0  0  0  0  0\r\n    0.9251    0.8010   -1.2671 H   0  0  0  0  0  0  0  0  0  0  0  0\r\n   -2.6746    1.8949   -0.6377 H   0  0  0  0  0  0  0  0  0  0  0  0\r\n   -1.2794    1.5469   -1.4111 H   0  0  0  0  0  0  0  0  0  0  0  0\r\n    2.7742   -0.7872   -2.0434 H   0  0  0  0  0  0  0  0  0  0  0  0\r\n    4.1701   -0.7770   -1.0244 H   0  0  0  0  0  0  0  0  0  0  0  0\r\n   -2.2969   -2.3589    0.6151 H   0  0  0  0  0  0  0  0  0  0  0  0\r\n  1  9  1  0  0  0  0\r\n  1 20  1  0  0  0  0\r\n  2  9  2  0  0  0  0\r\n  3 10  2  0  0  0  0\r\n  4  7  1  0  0  0  0\r\n  4 16  1  0  0  0  0\r\n  4 17  1  0  0  0  0\r\n  5 10  1  0  0  0  0\r\n  5 18  1  0  0  0  0\r\n  5 19  1  0  0  0  0\r\n  6  7  1  0  0  0  0\r\n  6  8  1  0  0  0  0\r\n  6 11  1  0  0  0  0\r\n  6 12  1  0  0  0  0\r\n  7  9  1  0  0  0  0\r\n  7 13  1  0  0  0  0\r\n  8 10  1  0  0  0  0\r\n  8 14  1  0  0  0  0\r\n  8 15  1  0  0  0  0\r\nM  END\r\n> <PUBCHEM_COMPOUND_CID>\r\n145815\r\n\r\n> <PUBCHEM_CONFORMER_RMSD>\r\n0.6\r\n\r\n> <PUBCHEM_CONFORMER_DIVERSEORDER>\r\n1\r\n43\r\n31\r\n3\r\n39\r\n26\r\n44\r\n37\r\n13\r\n17\r\n47\r\n41\r\n20\r\n33\r\n11\r\n38\r\n19\r\n45\r\n28\r\n18\r\n32\r\n10\r\n30\r\n42\r\n8\r\n36\r\n14\r\n46\r\n34\r\n25\r\n6\r\n24\r\n35\r\n15\r\n4\r\n21\r\n22\r\n7\r\n40\r\n29\r\n16\r\n9\r\n27\r\n2\r\n12\r\n23\r\n5\r\n\r\n> <PUBCHEM_MMFF94_PARTIAL_CHARGES>\r\n14\r\n1 -0.65\r\n10 0.57\r\n16 0.36\r\n17 0.36\r\n18 0.37\r\n19 0.37\r\n2 -0.57\r\n20 0.5\r\n3 -0.57\r\n4 -0.99\r\n5 -0.8\r\n7 0.33\r\n8 0.06\r\n9 0.66\r\n\r\n> <PUBCHEM_EFFECTIVE_ROTOR_COUNT>\r\n4\r\n\r\n> <PUBCHEM_PHARMACOPHORE_FEATURES>\r\n7\r\n1 1 acceptor\r\n1 2 acceptor\r\n1 3 acceptor\r\n1 4 cation\r\n1 4 donor\r\n1 5 donor\r\n3 1 2 9 anion\r\n\r\n> <PUBCHEM_HEAVY_ATOM_COUNT>\r\n10\r\n\r\n> <PUBCHEM_ATOM_DEF_STEREO_COUNT>\r\n1\r\n\r\n> <PUBCHEM_ATOM_UDEF_STEREO_COUNT>\r\n0\r\n\r\n> <PUBCHEM_BOND_DEF_STEREO_COUNT>\r\n0\r\n\r\n> <PUBCHEM_BOND_UDEF_STEREO_COUNT>\r\n0\r\n\r\n> <PUBCHEM_ISOTOPIC_ATOM_COUNT>\r\n0\r\n\r\n> <PUBCHEM_COMPONENT_COUNT>\r\n1\r\n\r\n> <PUBCHEM_CACTVS_TAUTO_COUNT>\r\n2\r\n\r\n> <PUBCHEM_CONFORMER_ID>\r\n0002399700000001\r\n\r\n> <PUBCHEM_MMFF94_ENERGY>\r\n9.9685\r\n\r\n> <PUBCHEM_FEATURE_SELFOVERLAP>\r\n35.581\r\n\r\n> <PUBCHEM_SHAPE_FINGERPRINT>\r\n10857977 72 17846206782948900728\r\n12716758 59 18267302032363278368\r\n12897270 3 18187086182380033726\r\n12932741 1 18060135393285197872\r\n12932764 1 18336832991946754656\r\n15310529 11 15719113578006943755\r\n20201158 50 18201996642305476014\r\n20653085 51 14851874825381087287\r\n20711985 344 18339358565681616169\r\n21061003 4 17632584876359391440\r\n29004967 10 17418094329898394560\r\n3248919 1 17967813829990893902\r\n369184 2 16630527319207707649\r\n8030462 33 17821730516043257872\r\n\r\n> <PUBCHEM_SHAPE_MULTIPOLES>\r\n178.23\r\n4.73\r\n1.27\r\n1.06\r\n2.77\r\n0.18\r\n0.02\r\n-1.16\r\n-0.62\r\n-0.91\r\n-0.04\r\n0.08\r\n-0.11\r\n0.47\r\n\r\n> <PUBCHEM_SHAPE_SELFOVERLAP>\r\n337.562\r\n\r\n> <PUBCHEM_SHAPE_VOLUME>\r\n109.4\r\n\r\n> <PUBCHEM_COORDINATE_TYPE>\r\n2\r\n5\r\n10\r\n\r\n$$$$\r\n'),
(16, 'L-asparagine', 'L', '6267\r\n  -OEChem-08061307473D\r\n\r\n 17 16  0     1  0  0  0  0  0999 V2000\r\n    0.6999   -1.5909    0.8956 O   0  0  0  0  0  0  0  0  0  0  0  0\r\n    2.0189   -0.9167   -0.8203 O   0  0  0  0  0  0  0  0  0  0  0  0\r\n   -2.1454   -0.6098   -1.0603 O   0  0  0  0  0  0  0  0  0  0  0  0\r\n    1.7805    1.6834    0.0854 N   0  0  0  0  0  0  0  0  0  0  0  0\r\n   -2.1032    0.1565    1.1081 N   0  0  0  0  0  0  0  0  0  0  0  0\r\n    0.6990    0.7436    0.3906 C   0  0  1  0  0  0  0  0  0  0  0  0\r\n   -0.5174    1.0666   -0.4797 C   0  0  0  0  0  0  0  0  0  0  0  0\r\n    1.2275   -0.6457    0.0740 C   0  0  0  0  0  0  0  0  0  0  0  0\r\n   -1.6597    0.1130   -0.1934 C   0  0  0  0  0  0  0  0  0  0  0  0\r\n    0.4822    0.8127    1.4611 H   0  0  0  0  0  0  0  0  0  0  0  0\r\n   -0.8691    2.0889   -0.2945 H   0  0  0  0  0  0  0  0  0  0  0  0\r\n   -0.2732    0.9867   -1.5466 H   0  0  0  0  0  0  0  0  0  0  0  0\r\n    2.0356    1.6193   -0.8994 H   0  0  0  0  0  0  0  0  0  0  0  0\r\n    2.6135    1.4403    0.6200 H   0  0  0  0  0  0  0  0  0  0  0  0\r\n   -1.7155    0.7905    1.7990 H   0  0  0  0  0  0  0  0  0  0  0  0\r\n   -2.8660   -0.4370    1.4170 H   0  0  0  0  0  0  0  0  0  0  0  0\r\n    1.0341   -2.4882    0.6823 H   0  0  0  0  0  0  0  0  0  0  0  0\r\n  1  8  1  0  0  0  0\r\n  1 17  1  0  0  0  0\r\n  2  8  2  0  0  0  0\r\n  3  9  2  0  0  0  0\r\n  4  6  1  0  0  0  0\r\n  4 13  1  0  0  0  0\r\n  4 14  1  0  0  0  0\r\n  5  9  1  0  0  0  0\r\n  5 15  1  0  0  0  0\r\n  5 16  1  0  0  0  0\r\n  6  7  1  0  0  0  0\r\n  6  8  1  0  0  0  0\r\n  6 10  1  0  0  0  0\r\n  7  9  1  0  0  0  0\r\n  7 11  1  0  0  0  0\r\n  7 12  1  0  0  0  0\r\nM  END\r\n> <PUBCHEM_COMPOUND_CID>\r\n6267\r\n\r\n> <PUBCHEM_CONFORMER_RMSD>\r\n0.6\r\n\r\n> <PUBCHEM_CONFORMER_DIVERSEORDER>\r\n2\r\n5\r\n14\r\n15\r\n3\r\n4\r\n1\r\n17\r\n16\r\n7\r\n11\r\n12\r\n13\r\n8\r\n18\r\n6\r\n10\r\n9\r\n\r\n> <PUBCHEM_MMFF94_PARTIAL_CHARGES>\r\n14\r\n1 -0.65\r\n13 0.36\r\n14 0.36\r\n15 0.37\r\n16 0.37\r\n17 0.5\r\n2 -0.57\r\n3 -0.57\r\n4 -0.99\r\n5 -0.8\r\n6 0.33\r\n7 0.06\r\n8 0.66\r\n9 0.57\r\n\r\n> <PUBCHEM_EFFECTIVE_ROTOR_COUNT>\r\n3\r\n\r\n> <PUBCHEM_PHARMACOPHORE_FEATURES>\r\n7\r\n1 1 acceptor\r\n1 2 acceptor\r\n1 3 acceptor\r\n1 4 cation\r\n1 4 donor\r\n1 5 donor\r\n3 1 2 8 anion\r\n\r\n> <PUBCHEM_HEAVY_ATOM_COUNT>\r\n9\r\n\r\n> <PUBCHEM_ATOM_DEF_STEREO_COUNT>\r\n1\r\n\r\n> <PUBCHEM_ATOM_UDEF_STEREO_COUNT>\r\n0\r\n\r\n> <PUBCHEM_BOND_DEF_STEREO_COUNT>\r\n0\r\n\r\n> <PUBCHEM_BOND_UDEF_STEREO_COUNT>\r\n0\r\n\r\n> <PUBCHEM_ISOTOPIC_ATOM_COUNT>\r\n0\r\n\r\n> <PUBCHEM_COMPONENT_COUNT>\r\n1\r\n\r\n> <PUBCHEM_CACTVS_TAUTO_COUNT>\r\n2\r\n\r\n> <PUBCHEM_CONFORMER_ID>\r\n0000187B00000002\r\n\r\n> <PUBCHEM_MMFF94_ENERGY>\r\n11.171\r\n\r\n> <PUBCHEM_FEATURE_SELFOVERLAP>\r\n35.581\r\n\r\n> <PUBCHEM_SHAPE_FINGERPRINT>\r\n137420 1 16620464601833680024\r\n18185500 45 18048307847535900314\r\n21040471 1 18118682368671456656\r\n21922407 69 17417519323976970017\r\n23552333 60 18128798885085369927\r\n23552423 10 18410004429765273061\r\n24536 1 17345736521872826085\r\n29004967 10 18186807958614600921\r\n5084963 1 18197197338638332064\r\n\r\n> <PUBCHEM_SHAPE_MULTIPOLES>\r\n157.65\r\n2.82\r\n1.47\r\n0.98\r\n0.75\r\n0.12\r\n-0.03\r\n-0.23\r\n0.26\r\n-0.78\r\n-0.1\r\n0.3\r\n-0.18\r\n-0.02\r\n\r\n> <PUBCHEM_SHAPE_SELFOVERLAP>\r\n301.304\r\n\r\n> <PUBCHEM_SHAPE_VOLUME>\r\n96.1\r\n\r\n> <PUBCHEM_COORDINATE_TYPE>\r\n2\r\n5\r\n10\r\n\r\n$$$$\r\n'),
(17, 'D-asparagine', 'D', '439600\r\n  -OEChem-08061307483D\r\n\r\n 17 16  0     1  0  0  0  0  0999 V2000\r\n    0.7958   -1.5002   -1.0214 O   0  0  0  0  0  0  0  0  0  0  0  0\r\n    2.0875   -0.8499    0.7242 O   0  0  0  0  0  0  0  0  0  0  0  0\r\n   -1.7209   -1.0885    0.7897 O   0  0  0  0  0  0  0  0  0  0  0  0\r\n    1.6862    1.7749   -0.0427 N   0  0  0  0  0  0  0  0  0  0  0  0\r\n   -2.5422    0.4364   -0.7240 N   0  0  0  0  0  0  0  0  0  0  0  0\r\n    0.6493    0.7931   -0.3700 C   0  0  2  0  0  0  0  0  0  0  0  0\r\n   -0.5593    1.0062    0.5439 C   0  0  0  0  0  0  0  0  0  0  0  0\r\n    1.2597   -0.5790   -0.1365 C   0  0  0  0  0  0  0  0  0  0  0  0\r\n   -1.6562    0.0070    0.2368 C   0  0  0  0  0  0  0  0  0  0  0  0\r\n    0.3806    0.8987   -1.4265 H   0  0  0  0  0  0  0  0  0  0  0  0\r\n   -0.2897    0.8810    1.6006 H   0  0  0  0  0  0  0  0  0  0  0  0\r\n   -0.9530    2.0240    0.4322 H   0  0  0  0  0  0  0  0  0  0  0  0\r\n    2.5157    1.6064   -0.6105 H   0  0  0  0  0  0  0  0  0  0  0  0\r\n    1.9721    1.6743    0.9305 H   0  0  0  0  0  0  0  0  0  0  0  0\r\n   -2.4585    1.3414   -1.1757 H   0  0  0  0  0  0  0  0  0  0  0  0\r\n   -3.3167   -0.1493   -1.0183 H   0  0  0  0  0  0  0  0  0  0  0  0\r\n    1.1976   -2.3829   -0.8742 H   0  0  0  0  0  0  0  0  0  0  0  0\r\n  1  8  1  0  0  0  0\r\n  1 17  1  0  0  0  0\r\n  2  8  2  0  0  0  0\r\n  3  9  2  0  0  0  0\r\n  4  6  1  0  0  0  0\r\n  4 13  1  0  0  0  0\r\n  4 14  1  0  0  0  0\r\n  5  9  1  0  0  0  0\r\n  5 15  1  0  0  0  0\r\n  5 16  1  0  0  0  0\r\n  6  7  1  0  0  0  0\r\n  6  8  1  0  0  0  0\r\n  6 10  1  0  0  0  0\r\n  7  9  1  0  0  0  0\r\n  7 11  1  0  0  0  0\r\n  7 12  1  0  0  0  0\r\nM  END\r\n> <PUBCHEM_COMPOUND_CID>\r\n439600\r\n\r\n> <PUBCHEM_CONFORMER_RMSD>\r\n0.6\r\n\r\n> <PUBCHEM_CONFORMER_DIVERSEORDER>\r\n1\r\n10\r\n5\r\n3\r\n16\r\n13\r\n15\r\n8\r\n14\r\n4\r\n9\r\n12\r\n6\r\n2\r\n7\r\n11\r\n\r\n> <PUBCHEM_MMFF94_PARTIAL_CHARGES>\r\n14\r\n1 -0.65\r\n13 0.36\r\n14 0.36\r\n15 0.37\r\n16 0.37\r\n17 0.5\r\n2 -0.57\r\n3 -0.57\r\n4 -0.99\r\n5 -0.8\r\n6 0.33\r\n7 0.06\r\n8 0.66\r\n9 0.57\r\n\r\n> <PUBCHEM_EFFECTIVE_ROTOR_COUNT>\r\n3\r\n\r\n> <PUBCHEM_PHARMACOPHORE_FEATURES>\r\n7\r\n1 1 acceptor\r\n1 2 acceptor\r\n1 3 acceptor\r\n1 4 cation\r\n1 4 donor\r\n1 5 donor\r\n3 1 2 8 anion\r\n\r\n> <PUBCHEM_HEAVY_ATOM_COUNT>\r\n9\r\n\r\n> <PUBCHEM_ATOM_DEF_STEREO_COUNT>\r\n1\r\n\r\n> <PUBCHEM_ATOM_UDEF_STEREO_COUNT>\r\n0\r\n\r\n> <PUBCHEM_BOND_DEF_STEREO_COUNT>\r\n0\r\n\r\n> <PUBCHEM_BOND_UDEF_STEREO_COUNT>\r\n0\r\n\r\n> <PUBCHEM_ISOTOPIC_ATOM_COUNT>\r\n0\r\n\r\n> <PUBCHEM_COMPONENT_COUNT>\r\n1\r\n\r\n> <PUBCHEM_CACTVS_TAUTO_COUNT>\r\n2\r\n\r\n> <PUBCHEM_CONFORMER_ID>\r\n0006B53000000001\r\n\r\n> <PUBCHEM_MMFF94_ENERGY>\r\n11.1006\r\n\r\n> <PUBCHEM_FEATURE_SELFOVERLAP>\r\n35.581\r\n\r\n> <PUBCHEM_SHAPE_FINGERPRINT>\r\n137420 1 13654608801392766660\r\n15310529 11 16227198949174253395\r\n18185500 45 17917987282871524127\r\n20711978 78 18128562464257675947\r\n21040471 1 18053948634460497036\r\n21922407 69 15625936474423353071\r\n23552449 11 18335977601616897816\r\n241688 4 17548989853249916083\r\n24536 1 18271539606111333753\r\n29004967 10 18342460292088323538\r\n5084963 1 17973464370406567796\r\n\r\n> <PUBCHEM_SHAPE_MULTIPOLES>\r\n157.65\r\n2.89\r\n1.53\r\n0.88\r\n0.95\r\n0.15\r\n0.03\r\n-0.14\r\n-0.01\r\n-0.64\r\n0.07\r\n0.07\r\n-0.17\r\n0.14\r\n\r\n> <PUBCHEM_SHAPE_SELFOVERLAP>\r\n301.237\r\n\r\n> <PUBCHEM_SHAPE_VOLUME>\r\n96\r\n\r\n> <PUBCHEM_COORDINATE_TYPE>\r\n2\r\n5\r\n10\r\n\r\n$$$$\r\n'),
(18, 'L-ornithine', 'L', '6262\r\n  -OEChem-08061307493D\r\n\r\n 21 20  0     1  0  0  0  0  0999 V2000\r\n    1.6884   -1.5615    0.7827 O   0  0  0  0  0  0  0  0  0  0  0  0\r\n    2.1485   -0.6169   -1.2261 O   0  0  0  0  0  0  0  0  0  0  0  0\r\n    1.2965    1.8348   -0.4347 N   0  0  0  0  0  0  0  0  0  0  0  0\r\n   -3.6082   -0.4932   -0.7057 N   0  0  0  0  0  0  0  0  0  0  0  0\r\n   -0.3416    0.5599    0.9520 C   0  0  0  0  0  0  0  0  0  0  0  0\r\n   -1.2979    0.1323   -0.1704 C   0  0  0  0  0  0  0  0  0  0  0  0\r\n    1.1222    0.7429    0.5227 C   0  0  1  0  0  0  0  0  0  0  0  0\r\n   -2.7133   -0.0799    0.3687 C   0  0  0  0  0  0  0  0  0  0  0  0\r\n    1.7055   -0.5185   -0.0891 C   0  0  0  0  0  0  0  0  0  0  0  0\r\n   -0.7035    1.4975    1.3939 H   0  0  0  0  0  0  0  0  0  0  0  0\r\n   -0.3832   -0.1908    1.7520 H   0  0  0  0  0  0  0  0  0  0  0  0\r\n   -0.9430   -0.7970   -0.6317 H   0  0  0  0  0  0  0  0  0  0  0  0\r\n   -1.3168    0.8981   -0.9550 H   0  0  0  0  0  0  0  0  0  0  0  0\r\n    1.7249    0.9851    1.4059 H   0  0  0  0  0  0  0  0  0  0  0  0\r\n   -3.0897    0.8452    0.8190 H   0  0  0  0  0  0  0  0  0  0  0  0\r\n   -2.7091   -0.8521    1.1454 H   0  0  0  0  0  0  0  0  0  0  0  0\r\n    0.8153    1.6194   -1.3066 H   0  0  0  0  0  0  0  0  0  0  0  0\r\n    2.2836    1.9358   -0.6682 H   0  0  0  0  0  0  0  0  0  0  0  0\r\n   -3.6426    0.2311   -1.4219 H   0  0  0  0  0  0  0  0  0  0  0  0\r\n   -4.5561   -0.5799   -0.3414 H   0  0  0  0  0  0  0  0  0  0  0  0\r\n    2.0654   -2.3755    0.3857 H   0  0  0  0  0  0  0  0  0  0  0  0\r\n  1  9  1  0  0  0  0\r\n  1 21  1  0  0  0  0\r\n  2  9  2  0  0  0  0\r\n  3  7  1  0  0  0  0\r\n  3 17  1  0  0  0  0\r\n  3 18  1  0  0  0  0\r\n  4  8  1  0  0  0  0\r\n  4 19  1  0  0  0  0\r\n  4 20  1  0  0  0  0\r\n  5  6  1  0  0  0  0\r\n  5  7  1  0  0  0  0\r\n  5 10  1  0  0  0  0\r\n  5 11  1  0  0  0  0\r\n  6  8  1  0  0  0  0\r\n  6 12  1  0  0  0  0\r\n  6 13  1  0  0  0  0\r\n  7  9  1  0  0  0  0\r\n  7 14  1  0  0  0  0\r\n  8 15  1  0  0  0  0\r\n  8 16  1  0  0  0  0\r\nM  END\r\n> <PUBCHEM_COMPOUND_CID>\r\n6262\r\n\r\n> <PUBCHEM_CONFORMER_RMSD>\r\n0.6\r\n\r\n> <PUBCHEM_CONFORMER_DIVERSEORDER>\r\n1\r\n4\r\n28\r\n35\r\n37\r\n27\r\n29\r\n38\r\n7\r\n30\r\n11\r\n8\r\n34\r\n26\r\n36\r\n32\r\n21\r\n19\r\n33\r\n16\r\n24\r\n12\r\n2\r\n31\r\n9\r\n13\r\n23\r\n17\r\n5\r\n3\r\n22\r\n15\r\n25\r\n6\r\n14\r\n10\r\n18\r\n20\r\n\r\n> <PUBCHEM_MMFF94_PARTIAL_CHARGES>\r\n12\r\n1 -0.65\r\n17 0.36\r\n18 0.36\r\n19 0.36\r\n2 -0.57\r\n20 0.36\r\n21 0.5\r\n3 -0.99\r\n4 -0.99\r\n7 0.33\r\n8 0.27\r\n9 0.66\r\n\r\n> <PUBCHEM_EFFECTIVE_ROTOR_COUNT>\r\n4\r\n\r\n> <PUBCHEM_PHARMACOPHORE_FEATURES>\r\n7\r\n1 1 acceptor\r\n1 2 acceptor\r\n1 3 cation\r\n1 3 donor\r\n1 4 cation\r\n1 4 donor\r\n3 1 2 9 anion\r\n\r\n> <PUBCHEM_HEAVY_ATOM_COUNT>\r\n9\r\n\r\n> <PUBCHEM_ATOM_DEF_STEREO_COUNT>\r\n1\r\n\r\n> <PUBCHEM_ATOM_UDEF_STEREO_COUNT>\r\n0\r\n\r\n> <PUBCHEM_BOND_DEF_STEREO_COUNT>\r\n0\r\n\r\n> <PUBCHEM_BOND_UDEF_STEREO_COUNT>\r\n0\r\n\r\n> <PUBCHEM_ISOTOPIC_ATOM_COUNT>\r\n0\r\n\r\n> <PUBCHEM_COMPONENT_COUNT>\r\n1\r\n\r\n> <PUBCHEM_CACTVS_TAUTO_COUNT>\r\n1\r\n\r\n> <PUBCHEM_CONFORMER_ID>\r\n0000187600000001\r\n\r\n> <PUBCHEM_MMFF94_ENERGY>\r\n0.371\r\n\r\n> <PUBCHEM_FEATURE_SELFOVERLAP>\r\n35.579\r\n\r\n> <PUBCHEM_SHAPE_FINGERPRINT>\r\n12897270 3 18040722488841145951\r\n12932741 1 17676211316227883945\r\n12932764 1 18333170566180617535\r\n14128692 85 18059584567660365368\r\n14390081 3 12973608841615520295\r\n20653091 64 18343303664830706464\r\n23552333 60 18202566202181833248\r\n23552423 10 18411703192573592897\r\n23552449 11 18201145603088674817\r\n29004967 10 18334576823924443680\r\n3248919 1 18338230570199725449\r\n\r\n> <PUBCHEM_SHAPE_MULTIPOLES>\r\n163.52\r\n4.32\r\n1.32\r\n1\r\n4.26\r\n0.21\r\n0.02\r\n-1.26\r\n0.97\r\n-0.89\r\n0.01\r\n-0.23\r\n-0.09\r\n-0.26\r\n\r\n> <PUBCHEM_SHAPE_SELFOVERLAP>\r\n299.933\r\n\r\n> <PUBCHEM_SHAPE_VOLUME>\r\n102.6\r\n\r\n> <PUBCHEM_COORDINATE_TYPE>\r\n2\r\n5\r\n10\r\n\r\n$$$$\r\n'),
(19, 'D-ornithine', 'D', '71082\r\n  -OEChem-08061307503D\r\n\r\n 21 20  0     1  0  0  0  0  0999 V2000\r\n    1.8048    1.5544    0.7052 O   0  0  0  0  0  0  0  0  0  0  0  0\r\n    2.1874    0.4928   -1.2611 O   0  0  0  0  0  0  0  0  0  0  0  0\r\n    1.1909   -1.8622   -0.3540 N   0  0  0  0  0  0  0  0  0  0  0  0\r\n   -3.6384    0.4419   -0.7291 N   0  0  0  0  0  0  0  0  0  0  0  0\r\n   -0.3478   -0.4239    0.9886 C   0  0  0  0  0  0  0  0  0  0  0  0\r\n   -1.3127   -0.0878   -0.1571 C   0  0  0  0  0  0  0  0  0  0  0  0\r\n    1.0960   -0.7202    0.5549 C   0  0  2  0  0  0  0  0  0  0  0  0\r\n   -2.7317    0.1318    0.3699 C   0  0  0  0  0  0  0  0  0  0  0  0\r\n    1.7515    0.4732   -0.1172 C   0  0  0  0  0  0  0  0  0  0  0  0\r\n   -0.3474    0.4086    1.7038 H   0  0  0  0  0  0  0  0  0  0  0  0\r\n   -0.7343   -1.2951    1.5342 H   0  0  0  0  0  0  0  0  0  0  0  0\r\n   -1.3291   -0.9032   -0.8895 H   0  0  0  0  0  0  0  0  0  0  0  0\r\n   -0.9678    0.8126   -0.6798 H   0  0  0  0  0  0  0  0  0  0  0  0\r\n    1.6973   -0.9566    1.4407 H   0  0  0  0  0  0  0  0  0  0  0  0\r\n   -2.7437    0.9545    1.0933 H   0  0  0  0  0  0  0  0  0  0  0  0\r\n   -3.0874   -0.7686    0.8819 H   0  0  0  0  0  0  0  0  0  0  0  0\r\n    0.6966   -1.6646   -1.2227 H   0  0  0  0  0  0  0  0  0  0  0  0\r\n    0.7219   -2.6670    0.0600 H   0  0  0  0  0  0  0  0  0  0  0  0\r\n   -3.3331    1.2949   -1.1960 H   0  0  0  0  0  0  0  0  0  0  0  0\r\n   -4.5667    0.6367   -0.3565 H   0  0  0  0  0  0  0  0  0  0  0  0\r\n    2.2261    2.3250    0.2683 H   0  0  0  0  0  0  0  0  0  0  0  0\r\n  1  9  1  0  0  0  0\r\n  1 21  1  0  0  0  0\r\n  2  9  2  0  0  0  0\r\n  3  7  1  0  0  0  0\r\n  3 17  1  0  0  0  0\r\n  3 18  1  0  0  0  0\r\n  4  8  1  0  0  0  0\r\n  4 19  1  0  0  0  0\r\n  4 20  1  0  0  0  0\r\n  5  6  1  0  0  0  0\r\n  5  7  1  0  0  0  0\r\n  5 10  1  0  0  0  0\r\n  5 11  1  0  0  0  0\r\n  6  8  1  0  0  0  0\r\n  6 12  1  0  0  0  0\r\n  6 13  1  0  0  0  0\r\n  7  9  1  0  0  0  0\r\n  7 14  1  0  0  0  0\r\n  8 15  1  0  0  0  0\r\n  8 16  1  0  0  0  0\r\nM  END\r\n> <PUBCHEM_COMPOUND_CID>\r\n71082\r\n\r\n> <PUBCHEM_CONFORMER_RMSD>\r\n0.6\r\n\r\n> <PUBCHEM_CONFORMER_DIVERSEORDER>\r\n1\r\n30\r\n9\r\n29\r\n12\r\n28\r\n22\r\n10\r\n26\r\n19\r\n8\r\n25\r\n5\r\n27\r\n24\r\n14\r\n31\r\n16\r\n4\r\n20\r\n21\r\n13\r\n2\r\n23\r\n17\r\n18\r\n7\r\n6\r\n15\r\n3\r\n11\r\n\r\n> <PUBCHEM_MMFF94_PARTIAL_CHARGES>\r\n12\r\n1 -0.65\r\n17 0.36\r\n18 0.36\r\n19 0.36\r\n2 -0.57\r\n20 0.36\r\n21 0.5\r\n3 -0.99\r\n4 -0.99\r\n7 0.33\r\n8 0.27\r\n9 0.66\r\n\r\n> <PUBCHEM_EFFECTIVE_ROTOR_COUNT>\r\n4\r\n\r\n> <PUBCHEM_PHARMACOPHORE_FEATURES>\r\n7\r\n1 1 acceptor\r\n1 2 acceptor\r\n1 3 cation\r\n1 3 donor\r\n1 4 cation\r\n1 4 donor\r\n3 1 2 9 anion\r\n\r\n> <PUBCHEM_HEAVY_ATOM_COUNT>\r\n9\r\n\r\n> <PUBCHEM_ATOM_DEF_STEREO_COUNT>\r\n1\r\n\r\n> <PUBCHEM_ATOM_UDEF_STEREO_COUNT>\r\n0\r\n\r\n> <PUBCHEM_BOND_DEF_STEREO_COUNT>\r\n0\r\n\r\n> <PUBCHEM_BOND_UDEF_STEREO_COUNT>\r\n0\r\n\r\n> <PUBCHEM_ISOTOPIC_ATOM_COUNT>\r\n0\r\n\r\n> <PUBCHEM_COMPONENT_COUNT>\r\n1\r\n\r\n> <PUBCHEM_CACTVS_TAUTO_COUNT>\r\n1\r\n\r\n> <PUBCHEM_CONFORMER_ID>\r\n000115AA00000001\r\n\r\n> <PUBCHEM_MMFF94_ENERGY>\r\n0.2509\r\n\r\n> <PUBCHEM_FEATURE_SELFOVERLAP>\r\n35.579\r\n\r\n> <PUBCHEM_SHAPE_FINGERPRINT>\r\n10857977 72 16588034532463815265\r\n12897270 3 18343023311061869393\r\n12932741 1 17822866290254169371\r\n12932764 1 18343865511489053365\r\n14390081 3 18261106383578688905\r\n21040471 1 18188494712752299066\r\n230 275 17603861183097967721\r\n23235685 24 17822294621105635012\r\n3248919 1 18411695448953312691\r\n\r\n> <PUBCHEM_SHAPE_MULTIPOLES>\r\n163.52\r\n4.4\r\n1.28\r\n1\r\n4.28\r\n0.25\r\n-0.03\r\n-1.3\r\n-1.02\r\n-0.88\r\n0\r\n-0.21\r\n-0.08\r\n0.23\r\n\r\n> <PUBCHEM_SHAPE_SELFOVERLAP>\r\n299.869\r\n\r\n> <PUBCHEM_SHAPE_VOLUME>\r\n102.6\r\n\r\n> <PUBCHEM_COORDINATE_TYPE>\r\n2\r\n5\r\n10\r\n\r\n$$$$\r\n'),
(20, 'L-aspartic acid', 'L', '5960\r\n  -OEChem-08061307523D\r\n\r\n 16 15  0     1  0  0  0  0  0999 V2000\r\n    0.8765   -1.7477    0.4612 O   0  0  0  0  0  0  0  0  0  0  0  0\r\n   -2.5468    0.2085   -1.0110 O   0  0  0  0  0  0  0  0  0  0  0  0\r\n    2.0079   -0.5891   -1.1272 O   0  0  0  0  0  0  0  0  0  0  0  0\r\n   -1.8021   -0.7792    0.8987 O   0  0  0  0  0  0  0  0  0  0  0  0\r\n    1.7445    1.6788    0.4055 N   0  0  0  0  0  0  0  0  0  0  0  0\r\n    0.7272    0.6375    0.5499 C   0  0  1  0  0  0  0  0  0  0  0  0\r\n   -0.5957    1.1159   -0.0613 C   0  0  0  0  0  0  0  0  0  0  0  0\r\n    1.2748   -0.5980   -0.1470 C   0  0  0  0  0  0  0  0  0  0  0  0\r\n   -1.6864    0.0732    0.0312 C   0  0  0  0  0  0  0  0  0  0  0  0\r\n    0.6051    0.4158    1.6166 H   0  0  0  0  0  0  0  0  0  0  0  0\r\n   -0.4391    1.3530   -1.1219 H   0  0  0  0  0  0  0  0  0  0  0  0\r\n   -0.9553    2.0203    0.4426 H   0  0  0  0  0  0  0  0  0  0  0  0\r\n    2.5932    1.3992    0.8965 H   0  0  0  0  0  0  0  0  0  0  0  0\r\n    1.4247    2.5341    0.8586 H   0  0  0  0  0  0  0  0  0  0  0  0\r\n    1.2403   -2.5417    0.0146 H   0  0  0  0  0  0  0  0  0  0  0  0\r\n   -3.2665   -0.4573   -0.9797 H   0  0  0  0  0  0  0  0  0  0  0  0\r\n  1  8  1  0  0  0  0\r\n  1 15  1  0  0  0  0\r\n  2  9  1  0  0  0  0\r\n  2 16  1  0  0  0  0\r\n  3  8  2  0  0  0  0\r\n  4  9  2  0  0  0  0\r\n  5  6  1  0  0  0  0\r\n  5 13  1  0  0  0  0\r\n  5 14  1  0  0  0  0\r\n  6  7  1  0  0  0  0\r\n  6  8  1  0  0  0  0\r\n  6 10  1  0  0  0  0\r\n  7  9  1  0  0  0  0\r\n  7 11  1  0  0  0  0\r\n  7 12  1  0  0  0  0\r\nM  END\r\n> <PUBCHEM_COMPOUND_CID>\r\n5960\r\n\r\n> <PUBCHEM_CONFORMER_RMSD>\r\n0.6\r\n\r\n> <PUBCHEM_CONFORMER_DIVERSEORDER>\r\n1\r\n8\r\n12\r\n4\r\n3\r\n2\r\n9\r\n5\r\n11\r\n7\r\n6\r\n10\r\n\r\n> <PUBCHEM_MMFF94_PARTIAL_CHARGES>\r\n13\r\n1 -0.65\r\n13 0.36\r\n14 0.36\r\n15 0.5\r\n16 0.5\r\n2 -0.65\r\n3 -0.57\r\n4 -0.57\r\n5 -0.99\r\n6 0.33\r\n7 0.06\r\n8 0.66\r\n9 0.66\r\n\r\n> <PUBCHEM_EFFECTIVE_ROTOR_COUNT>\r\n3\r\n\r\n> <PUBCHEM_PHARMACOPHORE_FEATURES>\r\n8\r\n1 1 acceptor\r\n1 2 acceptor\r\n1 3 acceptor\r\n1 4 acceptor\r\n1 5 cation\r\n1 5 donor\r\n3 1 3 8 anion\r\n3 2 4 9 anion\r\n\r\n> <PUBCHEM_HEAVY_ATOM_COUNT>\r\n9\r\n\r\n> <PUBCHEM_ATOM_DEF_STEREO_COUNT>\r\n1\r\n\r\n> <PUBCHEM_ATOM_UDEF_STEREO_COUNT>\r\n0\r\n\r\n> <PUBCHEM_BOND_DEF_STEREO_COUNT>\r\n0\r\n\r\n> <PUBCHEM_BOND_UDEF_STEREO_COUNT>\r\n0\r\n\r\n> <PUBCHEM_ISOTOPIC_ATOM_COUNT>\r\n0\r\n\r\n> <PUBCHEM_COMPONENT_COUNT>\r\n1\r\n\r\n> <PUBCHEM_CACTVS_TAUTO_COUNT>\r\n1\r\n\r\n> <PUBCHEM_CONFORMER_ID>\r\n0000174800000001\r\n\r\n> <PUBCHEM_MMFF94_ENERGY>\r\n7.3698\r\n\r\n> <PUBCHEM_FEATURE_SELFOVERLAP>\r\n40.715\r\n\r\n> <PUBCHEM_SHAPE_FINGERPRINT>\r\n12897270 3 18041011613012225318\r\n137420 1 9505317914091190224\r\n18185500 45 17905329524481664858\r\n21040471 1 18122060072681638224\r\n21922407 69 16415192416546670307\r\n23552333 60 17631716262299918581\r\n23552423 10 18411980239307295405\r\n23552449 11 18200856405839835033\r\n24536 1 18410851066598430641\r\n29004967 10 18342463629378152392\r\n\r\n> <PUBCHEM_SHAPE_MULTIPOLES>\r\n156.76\r\n2.93\r\n1.48\r\n0.93\r\n1.09\r\n0.06\r\n0.12\r\n-0.12\r\n0.63\r\n-0.72\r\n-0.26\r\n0.08\r\n-0.12\r\n0.36\r\n\r\n> <PUBCHEM_SHAPE_SELFOVERLAP>\r\n299.836\r\n\r\n> <PUBCHEM_SHAPE_VOLUME>\r\n95.1\r\n\r\n> <PUBCHEM_COORDINATE_TYPE>\r\n2\r\n5\r\n10\r\n\r\n$$$$\r\n'),
(21, 'D-aspartic acid', 'D', '83887\r\n  -OEChem-08061307533D\r\n\r\n 16 15  0     1  0  0  0  0  0999 V2000\r\n    1.5137   -1.5919   -0.6067 O   0  0  0  0  0  0  0  0  0  0  0  0\r\n   -2.6025    0.1004    0.9014 O   0  0  0  0  0  0  0  0  0  0  0  0\r\n    1.5048   -0.5767    1.4219 O   0  0  0  0  0  0  0  0  0  0  0  0\r\n   -1.7345   -0.8795   -0.9598 O   0  0  0  0  0  0  0  0  0  0  0  0\r\n    1.6733    1.7493   -0.3626 N   0  0  0  0  0  0  0  0  0  0  0  0\r\n    0.7114    0.6595   -0.5273 C   0  0  2  0  0  0  0  0  0  0  0  0\r\n   -0.6584    1.0848    0.0160 C   0  0  0  0  0  0  0  0  0  0  0  0\r\n    1.2853   -0.5349    0.2184 C   0  0  0  0  0  0  0  0  0  0  0  0\r\n   -1.6931   -0.0111   -0.1013 C   0  0  0  0  0  0  0  0  0  0  0  0\r\n    0.6276    0.4133   -1.5925 H   0  0  0  0  0  0  0  0  0  0  0  0\r\n   -1.0381    1.9597   -0.5241 H   0  0  0  0  0  0  0  0  0  0  0  0\r\n   -0.5626    1.3537    1.0762 H   0  0  0  0  0  0  0  0  0  0  0  0\r\n    1.3321    2.5816   -0.8422 H   0  0  0  0  0  0  0  0  0  0  0  0\r\n    2.5520    1.5018   -0.8166 H   0  0  0  0  0  0  0  0  0  0  0  0\r\n    1.8728   -2.3640   -0.1196 H   0  0  0  0  0  0  0  0  0  0  0  0\r\n   -3.2895   -0.5980    0.8511 H   0  0  0  0  0  0  0  0  0  0  0  0\r\n  1  8  1  0  0  0  0\r\n  1 15  1  0  0  0  0\r\n  2  9  1  0  0  0  0\r\n  2 16  1  0  0  0  0\r\n  3  8  2  0  0  0  0\r\n  4  9  2  0  0  0  0\r\n  5  6  1  0  0  0  0\r\n  5 13  1  0  0  0  0\r\n  5 14  1  0  0  0  0\r\n  6  7  1  0  0  0  0\r\n  6  8  1  0  0  0  0\r\n  6 10  1  0  0  0  0\r\n  7  9  1  0  0  0  0\r\n  7 11  1  0  0  0  0\r\n  7 12  1  0  0  0  0\r\nM  END\r\n> <PUBCHEM_COMPOUND_CID>\r\n83887\r\n\r\n> <PUBCHEM_CONFORMER_RMSD>\r\n0.6\r\n\r\n> <PUBCHEM_CONFORMER_DIVERSEORDER>\r\n1\r\n8\r\n12\r\n6\r\n2\r\n11\r\n10\r\n4\r\n5\r\n3\r\n7\r\n9\r\n\r\n> <PUBCHEM_MMFF94_PARTIAL_CHARGES>\r\n13\r\n1 -0.65\r\n13 0.36\r\n14 0.36\r\n15 0.5\r\n16 0.5\r\n2 -0.65\r\n3 -0.57\r\n4 -0.57\r\n5 -0.99\r\n6 0.33\r\n7 0.06\r\n8 0.66\r\n9 0.66\r\n\r\n> <PUBCHEM_EFFECTIVE_ROTOR_COUNT>\r\n3\r\n\r\n> <PUBCHEM_PHARMACOPHORE_FEATURES>\r\n8\r\n1 1 acceptor\r\n1 2 acceptor\r\n1 3 acceptor\r\n1 4 acceptor\r\n1 5 cation\r\n1 5 donor\r\n3 1 3 8 anion\r\n3 2 4 9 anion\r\n\r\n> <PUBCHEM_HEAVY_ATOM_COUNT>\r\n9\r\n\r\n> <PUBCHEM_ATOM_DEF_STEREO_COUNT>\r\n1\r\n\r\n> <PUBCHEM_ATOM_UDEF_STEREO_COUNT>\r\n0\r\n\r\n> <PUBCHEM_BOND_DEF_STEREO_COUNT>\r\n0\r\n\r\n> <PUBCHEM_BOND_UDEF_STEREO_COUNT>\r\n0\r\n\r\n> <PUBCHEM_ISOTOPIC_ATOM_COUNT>\r\n0\r\n\r\n> <PUBCHEM_COMPONENT_COUNT>\r\n1\r\n\r\n> <PUBCHEM_CACTVS_TAUTO_COUNT>\r\n1\r\n\r\n> <PUBCHEM_CONFORMER_ID>\r\n000147AF00000001\r\n\r\n> <PUBCHEM_MMFF94_ENERGY>\r\n7.3555\r\n\r\n> <PUBCHEM_FEATURE_SELFOVERLAP>\r\n40.713\r\n\r\n> <PUBCHEM_SHAPE_FINGERPRINT>\r\n137420 1 12954472541618673468\r\n18185500 45 18270955851373299415\r\n21040471 1 17977387466607265516\r\n21922407 69 18130784620106792481\r\n23552333 60 18410015454930660113\r\n23552449 11 18114453509322016857\r\n24536 1 18341323440183655167\r\n29004967 10 17603304886006858753\r\n5084963 1 17988085470048142179\r\n\r\n> <PUBCHEM_SHAPE_MULTIPOLES>\r\n156.76\r\n2.9\r\n1.45\r\n1\r\n1.35\r\n0.23\r\n-0.19\r\n-0.34\r\n-0.37\r\n-0.79\r\n0.27\r\n-0.02\r\n-0.23\r\n-0.26\r\n\r\n> <PUBCHEM_SHAPE_SELFOVERLAP>\r\n299.177\r\n\r\n> <PUBCHEM_SHAPE_VOLUME>\r\n95.7\r\n\r\n> <PUBCHEM_COORDINATE_TYPE>\r\n2\r\n5\r\n10\r\n\r\n$$$$\r\n'),
(22, 'L-glutamic acid', 'L', '33032\r\n  -OEChem-08061307533D\r\n\r\n 19 18  0     1  0  0  0  0  0999 V2000\r\n    1.8673    1.4740   -1.0053 O   0  0  0  0  0  0  0  0  0  0  0  0\r\n   -3.1163    0.7071    1.0794 O   0  0  0  0  0  0  0  0  0  0  0  0\r\n    2.5878    0.7410    1.0154 O   0  0  0  0  0  0  0  0  0  0  0  0\r\n   -2.9184   -0.2347   -0.9789 O   0  0  0  0  0  0  0  0  0  0  0  0\r\n    1.6806   -1.7797    0.5894 N   0  0  0  0  0  0  0  0  0  0  0  0\r\n   -0.1238   -0.6649   -0.7146 C   0  0  0  0  0  0  0  0  0  0  0  0\r\n    1.3856   -0.7970   -0.4512 C   0  0  1  0  0  0  0  0  0  0  0  0\r\n   -0.9609   -0.0832    0.4279 C   0  0  0  0  0  0  0  0  0  0  0  0\r\n    2.0137    0.5241   -0.0440 C   0  0  0  0  0  0  0  0  0  0  0  0\r\n   -2.4156    0.1132    0.0818 C   0  0  0  0  0  0  0  0  0  0  0  0\r\n   -0.5282   -1.6486   -0.9894 H   0  0  0  0  0  0  0  0  0  0  0  0\r\n   -0.2668   -0.0337   -1.6022 H   0  0  0  0  0  0  0  0  0  0  0  0\r\n    1.8836   -1.1268   -1.3708 H   0  0  0  0  0  0  0  0  0  0  0  0\r\n   -0.9129   -0.7486    1.2969 H   0  0  0  0  0  0  0  0  0  0  0  0\r\n   -0.5643    0.8967    0.7156 H   0  0  0  0  0  0  0  0  0  0  0  0\r\n    2.6879   -1.9245    0.6494 H   0  0  0  0  0  0  0  0  0  0  0  0\r\n    1.2786   -2.6805    0.3327 H   0  0  0  0  0  0  0  0  0  0  0  0\r\n    2.2713    2.3275   -0.7398 H   0  0  0  0  0  0  0  0  0  0  0  0\r\n   -4.0615    0.8235    0.8441 H   0  0  0  0  0  0  0  0  0  0  0  0\r\n  1  9  1  0  0  0  0\r\n  1 18  1  0  0  0  0\r\n  2 10  1  0  0  0  0\r\n  2 19  1  0  0  0  0\r\n  3  9  2  0  0  0  0\r\n  4 10  2  0  0  0  0\r\n  5  7  1  0  0  0  0\r\n  5 16  1  0  0  0  0\r\n  5 17  1  0  0  0  0\r\n  6  7  1  0  0  0  0\r\n  6  8  1  0  0  0  0\r\n  6 11  1  0  0  0  0\r\n  6 12  1  0  0  0  0\r\n  7  9  1  0  0  0  0\r\n  7 13  1  0  0  0  0\r\n  8 10  1  0  0  0  0\r\n  8 14  1  0  0  0  0\r\n  8 15  1  0  0  0  0\r\nM  END\r\n> <PUBCHEM_COMPOUND_CID>\r\n33032\r\n\r\n> <PUBCHEM_CONFORMER_RMSD>\r\n0.6\r\n\r\n> <PUBCHEM_CONFORMER_DIVERSEORDER>\r\n1\r\n8\r\n21\r\n16\r\n20\r\n22\r\n11\r\n26\r\n12\r\n29\r\n13\r\n27\r\n14\r\n18\r\n30\r\n4\r\n9\r\n3\r\n25\r\n10\r\n23\r\n5\r\n7\r\n19\r\n17\r\n24\r\n28\r\n2\r\n6\r\n15\r\n\r\n> <PUBCHEM_MMFF94_PARTIAL_CHARGES>\r\n13\r\n1 -0.65\r\n10 0.66\r\n16 0.36\r\n17 0.36\r\n18 0.5\r\n19 0.5\r\n2 -0.65\r\n3 -0.57\r\n4 -0.57\r\n5 -0.99\r\n7 0.33\r\n8 0.06\r\n9 0.66\r\n\r\n> <PUBCHEM_EFFECTIVE_ROTOR_COUNT>\r\n4\r\n\r\n> <PUBCHEM_PHARMACOPHORE_FEATURES>\r\n8\r\n1 1 acceptor\r\n1 2 acceptor\r\n1 3 acceptor\r\n1 4 acceptor\r\n1 5 cation\r\n1 5 donor\r\n3 1 3 9 anion\r\n3 2 4 10 anion\r\n\r\n> <PUBCHEM_HEAVY_ATOM_COUNT>\r\n10\r\n\r\n> <PUBCHEM_ATOM_DEF_STEREO_COUNT>\r\n1\r\n\r\n> <PUBCHEM_ATOM_UDEF_STEREO_COUNT>\r\n0\r\n\r\n> <PUBCHEM_BOND_DEF_STEREO_COUNT>\r\n0\r\n\r\n> <PUBCHEM_BOND_UDEF_STEREO_COUNT>\r\n0\r\n\r\n> <PUBCHEM_ISOTOPIC_ATOM_COUNT>\r\n0\r\n\r\n> <PUBCHEM_COMPONENT_COUNT>\r\n1\r\n\r\n> <PUBCHEM_CACTVS_TAUTO_COUNT>\r\n1\r\n\r\n> <PUBCHEM_CONFORMER_ID>\r\n0000810800000001\r\n\r\n> <PUBCHEM_MMFF94_ENERGY>\r\n6.4573\r\n\r\n> <PUBCHEM_FEATURE_SELFOVERLAP>\r\n40.714\r\n\r\n> <PUBCHEM_SHAPE_FINGERPRINT>\r\n10219947 1 18114172047710138944\r\n10857977 72 15936421056452836647\r\n12897270 3 15554175825776144829\r\n12932741 1 17167865236071508295\r\n12932764 1 18335707092039925015\r\n14390081 3 17847062198721526473\r\n15775835 57 18060704991489316993\r\n19973954 147 18114745928076065853\r\n21040471 1 18270684302234905758\r\n230 275 18410014338180945724\r\n23552423 10 17559964220941829943\r\n3248919 1 18334858337750954131\r\n\r\n> <PUBCHEM_SHAPE_MULTIPOLES>\r\n177.34\r\n4.65\r\n1.28\r\n1.04\r\n2.76\r\n0.18\r\n-0.02\r\n-1.11\r\n0.54\r\n-0.87\r\n0.05\r\n0.01\r\n-0.11\r\n-0.5\r\n\r\n> <PUBCHEM_SHAPE_SELFOVERLAP>\r\n336.76\r\n\r\n> <PUBCHEM_SHAPE_VOLUME>\r\n108.5\r\n\r\n> <PUBCHEM_COORDINATE_TYPE>\r\n2\r\n5\r\n10\r\n\r\n$$$$\r\n'),
(23, 'D-glutamic acid', 'D', '23327\r\n  -OEChem-08061307543D\r\n\r\n 19 18  0     1  0  0  0  0  0999 V2000\r\n    2.0909   -1.6869   -0.3513 O   0  0  0  0  0  0  0  0  0  0  0  0\r\n   -3.2080    0.0102    1.2337 O   0  0  0  0  0  0  0  0  0  0  0  0\r\n    2.6515   -0.1520    1.2201 O   0  0  0  0  0  0  0  0  0  0  0  0\r\n   -2.9058   -0.4276   -0.9753 O   0  0  0  0  0  0  0  0  0  0  0  0\r\n    1.4996    1.8871   -0.1490 N   0  0  0  0  0  0  0  0  0  0  0  0\r\n   -0.1289    0.1615   -0.8999 C   0  0  0  0  0  0  0  0  0  0  0  0\r\n    1.3481    0.5510   -0.7212 C   0  0  2  0  0  0  0  0  0  0  0  0\r\n   -0.9934    0.1912    0.3637 C   0  0  0  0  0  0  0  0  0  0  0  0\r\n    2.0968   -0.4291    0.1646 C   0  0  0  0  0  0  0  0  0  0  0  0\r\n   -2.4509   -0.1053    0.1146 C   0  0  0  0  0  0  0  0  0  0  0  0\r\n   -0.1894   -0.8419   -1.3414 H   0  0  0  0  0  0  0  0  0  0  0  0\r\n   -0.5753    0.8362   -1.6433 H   0  0  0  0  0  0  0  0  0  0  0  0\r\n    1.8428    0.5448   -1.6999 H   0  0  0  0  0  0  0  0  0  0  0  0\r\n   -0.6219   -0.5474    1.0824 H   0  0  0  0  0  0  0  0  0  0  0  0\r\n   -0.9414    1.1839    0.8241 H   0  0  0  0  0  0  0  0  0  0  0  0\r\n    1.0140    2.5660   -0.7338 H   0  0  0  0  0  0  0  0  0  0  0  0\r\n    2.4832    2.1552   -0.1586 H   0  0  0  0  0  0  0  0  0  0  0  0\r\n    2.5749   -2.3190    0.2218 H   0  0  0  0  0  0  0  0  0  0  0  0\r\n   -4.1522   -0.1908    1.0594 H   0  0  0  0  0  0  0  0  0  0  0  0\r\n  1  9  1  0  0  0  0\r\n  1 18  1  0  0  0  0\r\n  2 10  1  0  0  0  0\r\n  2 19  1  0  0  0  0\r\n  3  9  2  0  0  0  0\r\n  4 10  2  0  0  0  0\r\n  5  7  1  0  0  0  0\r\n  5 16  1  0  0  0  0\r\n  5 17  1  0  0  0  0\r\n  6  7  1  0  0  0  0\r\n  6  8  1  0  0  0  0\r\n  6 11  1  0  0  0  0\r\n  6 12  1  0  0  0  0\r\n  7  9  1  0  0  0  0\r\n  7 13  1  0  0  0  0\r\n  8 10  1  0  0  0  0\r\n  8 14  1  0  0  0  0\r\n  8 15  1  0  0  0  0\r\nM  END\r\n> <PUBCHEM_COMPOUND_CID>\r\n23327\r\n\r\n> <PUBCHEM_CONFORMER_RMSD>\r\n0.6\r\n\r\n> <PUBCHEM_CONFORMER_DIVERSEORDER>\r\n1\r\n24\r\n16\r\n23\r\n11\r\n28\r\n2\r\n4\r\n21\r\n5\r\n13\r\n8\r\n27\r\n14\r\n17\r\n25\r\n12\r\n9\r\n26\r\n19\r\n22\r\n6\r\n20\r\n7\r\n15\r\n18\r\n10\r\n3\r\n\r\n> <PUBCHEM_MMFF94_PARTIAL_CHARGES>\r\n13\r\n1 -0.65\r\n10 0.66\r\n16 0.36\r\n17 0.36\r\n18 0.5\r\n19 0.5\r\n2 -0.65\r\n3 -0.57\r\n4 -0.57\r\n5 -0.99\r\n7 0.33\r\n8 0.06\r\n9 0.66\r\n\r\n> <PUBCHEM_EFFECTIVE_ROTOR_COUNT>\r\n4\r\n\r\n> <PUBCHEM_PHARMACOPHORE_FEATURES>\r\n8\r\n1 1 acceptor\r\n1 2 acceptor\r\n1 3 acceptor\r\n1 4 acceptor\r\n1 5 cation\r\n1 5 donor\r\n3 1 3 9 anion\r\n3 2 4 10 anion\r\n\r\n> <PUBCHEM_HEAVY_ATOM_COUNT>\r\n10\r\n\r\n> <PUBCHEM_ATOM_DEF_STEREO_COUNT>\r\n1\r\n\r\n> <PUBCHEM_ATOM_UDEF_STEREO_COUNT>\r\n0\r\n\r\n> <PUBCHEM_BOND_DEF_STEREO_COUNT>\r\n0\r\n\r\n> <PUBCHEM_BOND_UDEF_STEREO_COUNT>\r\n0\r\n\r\n> <PUBCHEM_ISOTOPIC_ATOM_COUNT>\r\n0\r\n\r\n> <PUBCHEM_COMPONENT_COUNT>\r\n1\r\n\r\n> <PUBCHEM_CACTVS_TAUTO_COUNT>\r\n1\r\n\r\n> <PUBCHEM_CONFORMER_ID>\r\n00005B1F00000001\r\n\r\n> <PUBCHEM_MMFF94_ENERGY>\r\n6.2637\r\n\r\n> <PUBCHEM_FEATURE_SELFOVERLAP>\r\n40.714\r\n\r\n> <PUBCHEM_SHAPE_FINGERPRINT>\r\n10219947 1 18410283718909468050\r\n12932741 1 17313100878061886917\r\n12932764 1 18260555566760023597\r\n14390081 3 14404911262857900619\r\n15775835 57 17132398314989802771\r\n20201158 50 17821721706764874378\r\n20653091 64 17894640244483226532\r\n20711985 344 17390221529819551636\r\n21028194 46 12103553195627759654\r\n23552449 11 18186515527255393804\r\n29004967 10 18335414634799994884\r\n3248919 1 18343584074940325023\r\n\r\n> <PUBCHEM_SHAPE_MULTIPOLES>\r\n177.34\r\n4.8\r\n1.2\r\n1.08\r\n2.72\r\n0.23\r\n-0.09\r\n-1\r\n-0.94\r\n-1.04\r\n0.1\r\n0.23\r\n-0.08\r\n0.02\r\n\r\n> <PUBCHEM_SHAPE_SELFOVERLAP>\r\n336.574\r\n\r\n> <PUBCHEM_SHAPE_VOLUME>\r\n108.5\r\n\r\n> <PUBCHEM_COORDINATE_TYPE>\r\n2\r\n5\r\n10\r\n\r\n$$$$\r\n'),
(24, 'L-valine', 'L', '6287\r\n  -OEChem-08061307553D\r\n\r\n 19 18  0     1  0  0  0  0  0999 V2000\r\n   -1.5450   -1.4733   -0.2634 O   0  0  0  0  0  0  0  0  0  0  0  0\r\n   -1.7308    0.3763    1.0301 O   0  0  0  0  0  0  0  0  0  0  0  0\r\n   -0.2561    1.7673   -0.8569 N   0  0  0  0  0  0  0  0  0  0  0  0\r\n    1.3804    0.0130   -0.2307 C   0  0  0  0  0  0  0  0  0  0  0  0\r\n   -0.0464    0.3243   -0.7445 C   0  0  1  0  0  0  0  0  0  0  0  0\r\n    1.7318   -1.4774   -0.1626 C   0  0  0  0  0  0  0  0  0  0  0  0\r\n    1.6518    0.6838    1.1200 C   0  0  0  0  0  0  0  0  0  0  0  0\r\n   -1.1858   -0.2139    0.1080 C   0  0  0  0  0  0  0  0  0  0  0  0\r\n    2.0843    0.4571   -0.9495 H   0  0  0  0  0  0  0  0  0  0  0  0\r\n   -0.1592   -0.0971   -1.7516 H   0  0  0  0  0  0  0  0  0  0  0  0\r\n    1.5567   -1.9585   -1.1304 H   0  0  0  0  0  0  0  0  0  0  0  0\r\n    1.1288   -1.9948    0.5905 H   0  0  0  0  0  0  0  0  0  0  0  0\r\n    2.7866   -1.6168    0.0967 H   0  0  0  0  0  0  0  0  0  0  0  0\r\n    0.9886    0.2970    1.9007 H   0  0  0  0  0  0  0  0  0  0  0  0\r\n    2.6824    0.4931    1.4403 H   0  0  0  0  0  0  0  0  0  0  0  0\r\n    1.5287    1.7701    1.0717 H   0  0  0  0  0  0  0  0  0  0  0  0\r\n   -1.1415    1.9507   -1.3279 H   0  0  0  0  0  0  0  0  0  0  0  0\r\n    0.4679    2.1741   -1.4481 H   0  0  0  0  0  0  0  0  0  0  0  0\r\n   -2.2748   -1.8228    0.2912 H   0  0  0  0  0  0  0  0  0  0  0  0\r\n  1  8  1  0  0  0  0\r\n  1 19  1  0  0  0  0\r\n  2  8  2  0  0  0  0\r\n  3  5  1  0  0  0  0\r\n  3 17  1  0  0  0  0\r\n  3 18  1  0  0  0  0\r\n  4  5  1  0  0  0  0\r\n  4  6  1  0  0  0  0\r\n  4  7  1  0  0  0  0\r\n  4  9  1  0  0  0  0\r\n  5  8  1  0  0  0  0\r\n  5 10  1  0  0  0  0\r\n  6 11  1  0  0  0  0\r\n  6 12  1  0  0  0  0\r\n  6 13  1  0  0  0  0\r\n  7 14  1  0  0  0  0\r\n  7 15  1  0  0  0  0\r\n  7 16  1  0  0  0  0\r\nM  END\r\n> <PUBCHEM_COMPOUND_CID>\r\n6287\r\n\r\n> <PUBCHEM_CONFORMER_RMSD>\r\n0.4\r\n\r\n> <PUBCHEM_CONFORMER_DIVERSEORDER>\r\n2\r\n6\r\n8\r\n5\r\n3\r\n7\r\n1\r\n4\r\n\r\n> <PUBCHEM_MMFF94_PARTIAL_CHARGES>\r\n8\r\n1 -0.65\r\n17 0.36\r\n18 0.36\r\n19 0.5\r\n2 -0.57\r\n3 -0.99\r\n5 0.33\r\n8 0.66\r\n\r\n> <PUBCHEM_EFFECTIVE_ROTOR_COUNT>\r\n2\r\n\r\n> <PUBCHEM_PHARMACOPHORE_FEATURES>\r\n6\r\n1 1 acceptor\r\n1 2 acceptor\r\n1 3 cation\r\n1 3 donor\r\n3 1 2 8 anion\r\n3 4 6 7 hydrophobe\r\n\r\n> <PUBCHEM_HEAVY_ATOM_COUNT>\r\n8\r\n\r\n> <PUBCHEM_ATOM_DEF_STEREO_COUNT>\r\n1\r\n\r\n> <PUBCHEM_ATOM_UDEF_STEREO_COUNT>\r\n0\r\n\r\n> <PUBCHEM_BOND_DEF_STEREO_COUNT>\r\n0\r\n\r\n> <PUBCHEM_BOND_UDEF_STEREO_COUNT>\r\n0\r\n\r\n> <PUBCHEM_ISOTOPIC_ATOM_COUNT>\r\n0\r\n\r\n> <PUBCHEM_COMPONENT_COUNT>\r\n1\r\n\r\n> <PUBCHEM_CACTVS_TAUTO_COUNT>\r\n1\r\n\r\n> <PUBCHEM_CONFORMER_ID>\r\n0000188F00000002\r\n\r\n> <PUBCHEM_MMFF94_ENERGY>\r\n7.1635\r\n\r\n> <PUBCHEM_FEATURE_SELFOVERLAP>\r\n30.506\r\n\r\n> <PUBCHEM_SHAPE_FINGERPRINT>\r\n18185500 45 18266184013763732287\r\n20096714 4 16271926055779426056\r\n21040471 1 18271542904714866697\r\n23552449 11 17607231353730139803\r\n24536 1 18188780585606761179\r\n29004967 10 17822871847567128448\r\n\r\n> <PUBCHEM_SHAPE_MULTIPOLES>\r\n147.92\r\n2.37\r\n1.53\r\n1.03\r\n0.15\r\n0.13\r\n-0.13\r\n0.55\r\n-0.55\r\n0.05\r\n0.26\r\n0\r\n-0.33\r\n0.23\r\n\r\n> <PUBCHEM_SHAPE_SELFOVERLAP>\r\n272.37\r\n\r\n> <PUBCHEM_SHAPE_VOLUME>\r\n94.4\r\n\r\n> <PUBCHEM_COORDINATE_TYPE>\r\n2\r\n5\r\n10\r\n\r\n$$$$\r\n'),
(25, 'D-valine', 'D', '71563\r\n  -OEChem-08061307563D\r\n\r\n 19 18  0     1  0  0  0  0  0999 V2000\r\n    1.5439    1.4660    0.2477 O   0  0  0  0  0  0  0  0  0  0  0  0\r\n    1.7283   -0.3890   -1.0383 O   0  0  0  0  0  0  0  0  0  0  0  0\r\n    0.2734   -1.7689    0.8715 N   0  0  0  0  0  0  0  0  0  0  0  0\r\n   -1.3814   -0.0270    0.2247 C   0  0  0  0  0  0  0  0  0  0  0  0\r\n    0.0470   -0.3303    0.7390 C   0  0  2  0  0  0  0  0  0  0  0  0\r\n   -1.7194   -0.6366   -1.1406 C   0  0  0  0  0  0  0  0  0  0  0  0\r\n   -1.6707    1.4778    0.2194 C   0  0  0  0  0  0  0  0  0  0  0  0\r\n    1.1789    0.2081   -0.1232 C   0  0  0  0  0  0  0  0  0  0  0  0\r\n   -2.0821   -0.4714    0.9462 H   0  0  0  0  0  0  0  0  0  0  0  0\r\n    0.1622    0.1007    1.7420 H   0  0  0  0  0  0  0  0  0  0  0  0\r\n   -1.6015   -1.7246   -1.1316 H   0  0  0  0  0  0  0  0  0  0  0  0\r\n   -1.0760   -0.2300   -1.9276 H   0  0  0  0  0  0  0  0  0  0  0  0\r\n   -2.7583   -0.4209   -1.4129 H   0  0  0  0  0  0  0  0  0  0  0  0\r\n   -1.0715    1.9998   -0.5337 H   0  0  0  0  0  0  0  0  0  0  0  0\r\n   -2.7259    1.6663   -0.0066 H   0  0  0  0  0  0  0  0  0  0  0  0\r\n   -1.4563    1.9208    1.1975 H   0  0  0  0  0  0  0  0  0  0  0  0\r\n   -0.4474   -2.1758    1.4663 H   0  0  0  0  0  0  0  0  0  0  0  0\r\n    1.1601   -1.9358    1.3464 H   0  0  0  0  0  0  0  0  0  0  0  0\r\n    2.2767    1.8111   -0.3058 H   0  0  0  0  0  0  0  0  0  0  0  0\r\n  1  8  1  0  0  0  0\r\n  1 19  1  0  0  0  0\r\n  2  8  2  0  0  0  0\r\n  3  5  1  0  0  0  0\r\n  3 17  1  0  0  0  0\r\n  3 18  1  0  0  0  0\r\n  4  5  1  0  0  0  0\r\n  4  6  1  0  0  0  0\r\n  4  7  1  0  0  0  0\r\n  4  9  1  0  0  0  0\r\n  5  8  1  0  0  0  0\r\n  5 10  1  0  0  0  0\r\n  6 11  1  0  0  0  0\r\n  6 12  1  0  0  0  0\r\n  6 13  1  0  0  0  0\r\n  7 14  1  0  0  0  0\r\n  7 15  1  0  0  0  0\r\n  7 16  1  0  0  0  0\r\nM  END\r\n> <PUBCHEM_COMPOUND_CID>\r\n71563\r\n\r\n> <PUBCHEM_CONFORMER_RMSD>\r\n0.4\r\n\r\n> <PUBCHEM_CONFORMER_DIVERSEORDER>\r\n1\r\n8\r\n9\r\n6\r\n4\r\n3\r\n5\r\n2\r\n7\r\n\r\n> <PUBCHEM_MMFF94_PARTIAL_CHARGES>\r\n8\r\n1 -0.65\r\n17 0.36\r\n18 0.36\r\n19 0.5\r\n2 -0.57\r\n3 -0.99\r\n5 0.33\r\n8 0.66\r\n\r\n> <PUBCHEM_EFFECTIVE_ROTOR_COUNT>\r\n2\r\n\r\n> <PUBCHEM_PHARMACOPHORE_FEATURES>\r\n6\r\n1 1 acceptor\r\n1 2 acceptor\r\n1 3 cation\r\n1 3 donor\r\n3 1 2 8 anion\r\n3 4 6 7 hydrophobe\r\n\r\n> <PUBCHEM_HEAVY_ATOM_COUNT>\r\n8\r\n\r\n> <PUBCHEM_ATOM_DEF_STEREO_COUNT>\r\n1\r\n\r\n> <PUBCHEM_ATOM_UDEF_STEREO_COUNT>\r\n0\r\n\r\n> <PUBCHEM_BOND_DEF_STEREO_COUNT>\r\n0\r\n\r\n> <PUBCHEM_BOND_UDEF_STEREO_COUNT>\r\n0\r\n\r\n> <PUBCHEM_ISOTOPIC_ATOM_COUNT>\r\n0\r\n\r\n> <PUBCHEM_COMPONENT_COUNT>\r\n1\r\n\r\n> <PUBCHEM_CACTVS_TAUTO_COUNT>\r\n1\r\n\r\n> <PUBCHEM_CONFORMER_ID>\r\n0001178B00000001\r\n\r\n> <PUBCHEM_MMFF94_ENERGY>\r\n6.6968\r\n\r\n> <PUBCHEM_FEATURE_SELFOVERLAP>\r\n30.506\r\n\r\n> <PUBCHEM_SHAPE_FINGERPRINT>\r\n12897270 3 17773308152546740957\r\n137420 1 12625318703194589435\r\n18185500 45 18121769530939113075\r\n20096714 4 18337677399491314993\r\n21040471 1 18113908173066276280\r\n23552449 1 17615688874443591384\r\n24536 1 18116725190602683780\r\n29004967 10 12319459930176603246\r\n5084963 1 16950563302428206106\r\n5943 1 13344787628923076075\r\n\r\n> <PUBCHEM_SHAPE_MULTIPOLES>\r\n147.92\r\n2.37\r\n1.52\r\n1.04\r\n0.15\r\n0.14\r\n0.14\r\n0.48\r\n0.59\r\n0.03\r\n-0.28\r\n0.02\r\n-0.33\r\n-0.25\r\n\r\n> <PUBCHEM_SHAPE_SELFOVERLAP>\r\n272.212\r\n\r\n> <PUBCHEM_SHAPE_VOLUME>\r\n94.4\r\n\r\n> <PUBCHEM_COORDINATE_TYPE>\r\n2\r\n5\r\n10\r\n\r\n$$$$\r\n'),
(26, 'L-isoleucine', 'L', '6306\r\n  -OEChem-08061307573D\r\n\r\n 22 21  0     1  0  0  0  0  0999 V2000\r\n    1.7318    1.0709   -1.2228 O   0  0  0  0  0  0  0  0  0  0  0  0\r\n    2.2594    0.4785    0.9014 O   0  0  0  0  0  0  0  0  0  0  0  0\r\n    0.6284   -1.6112    0.9265 N   0  0  0  0  0  0  0  0  0  0  0  0\r\n   -0.8499   -0.1966   -0.5113 C   0  0  2  0  0  0  0  0  0  0  0  0\r\n    0.5599   -0.8012   -0.2932 C   0  0  1  0  0  0  0  0  0  0  0  0\r\n   -1.3284    0.7162    0.6425 C   0  0  0  0  0  0  0  0  0  0  0  0\r\n   -1.8909   -1.2949   -0.7794 C   0  0  0  0  0  0  0  0  0  0  0  0\r\n   -2.7052    1.3375    0.4485 C   0  0  0  0  0  0  0  0  0  0  0  0\r\n    1.5949    0.3007   -0.1121 C   0  0  0  0  0  0  0  0  0  0  0  0\r\n   -0.8062    0.4240   -1.4171 H   0  0  0  0  0  0  0  0  0  0  0  0\r\n    0.8584   -1.4200   -1.1465 H   0  0  0  0  0  0  0  0  0  0  0  0\r\n   -0.6102    1.5338    0.7760 H   0  0  0  0  0  0  0  0  0  0  0  0\r\n   -1.3472    0.1596    1.5865 H   0  0  0  0  0  0  0  0  0  0  0  0\r\n   -1.5242   -1.9957   -1.5374 H   0  0  0  0  0  0  0  0  0  0  0  0\r\n   -2.1186   -1.8650    0.1273 H   0  0  0  0  0  0  0  0  0  0  0  0\r\n   -2.8257   -0.8738   -1.1625 H   0  0  0  0  0  0  0  0  0  0  0  0\r\n   -2.7682    1.8589   -0.5118 H   0  0  0  0  0  0  0  0  0  0  0  0\r\n   -2.9027    2.0653    1.2424 H   0  0  0  0  0  0  0  0  0  0  0  0\r\n   -3.4975    0.5847    0.4911 H   0  0  0  0  0  0  0  0  0  0  0  0\r\n    0.4726   -1.0328    1.7505 H   0  0  0  0  0  0  0  0  0  0  0  0\r\n    1.5632   -2.0056    1.0260 H   0  0  0  0  0  0  0  0  0  0  0  0\r\n    2.4077    1.7712   -1.1008 H   0  0  0  0  0  0  0  0  0  0  0  0\r\n  1  9  1  0  0  0  0\r\n  1 22  1  0  0  0  0\r\n  2  9  2  0  0  0  0\r\n  3  5  1  0  0  0  0\r\n  3 20  1  0  0  0  0\r\n  3 21  1  0  0  0  0\r\n  4  5  1  0  0  0  0\r\n  4  6  1  0  0  0  0\r\n  4  7  1  0  0  0  0\r\n  4 10  1  0  0  0  0\r\n  5  9  1  0  0  0  0\r\n  5 11  1  0  0  0  0\r\n  6  8  1  0  0  0  0\r\n  6 12  1  0  0  0  0\r\n  6 13  1  0  0  0  0\r\n  7 14  1  0  0  0  0\r\n  7 15  1  0  0  0  0\r\n  7 16  1  0  0  0  0\r\n  8 17  1  0  0  0  0\r\n  8 18  1  0  0  0  0\r\n  8 19  1  0  0  0  0\r\nM  END\r\n> <PUBCHEM_COMPOUND_CID>\r\n6306\r\n\r\n> <PUBCHEM_CONFORMER_RMSD>\r\n0.6\r\n\r\n> <PUBCHEM_CONFORMER_DIVERSEORDER>\r\n1\r\n8\r\n15\r\n2\r\n4\r\n16\r\n10\r\n14\r\n5\r\n7\r\n12\r\n13\r\n6\r\n9\r\n11\r\n3\r\n\r\n> <PUBCHEM_MMFF94_PARTIAL_CHARGES>\r\n8\r\n1 -0.65\r\n2 -0.57\r\n20 0.36\r\n21 0.36\r\n22 0.5\r\n3 -0.99\r\n5 0.33\r\n9 0.66\r\n\r\n> <PUBCHEM_EFFECTIVE_ROTOR_COUNT>\r\n3\r\n\r\n> <PUBCHEM_PHARMACOPHORE_FEATURES>\r\n7\r\n1 1 acceptor\r\n1 2 acceptor\r\n1 3 cation\r\n1 3 donor\r\n1 7 hydrophobe\r\n1 8 hydrophobe\r\n3 1 2 9 anion\r\n\r\n> <PUBCHEM_HEAVY_ATOM_COUNT>\r\n9\r\n\r\n> <PUBCHEM_ATOM_DEF_STEREO_COUNT>\r\n2\r\n\r\n> <PUBCHEM_ATOM_UDEF_STEREO_COUNT>\r\n0\r\n\r\n> <PUBCHEM_BOND_DEF_STEREO_COUNT>\r\n0\r\n\r\n> <PUBCHEM_BOND_UDEF_STEREO_COUNT>\r\n0\r\n\r\n> <PUBCHEM_ISOTOPIC_ATOM_COUNT>\r\n0\r\n\r\n> <PUBCHEM_COMPONENT_COUNT>\r\n1\r\n\r\n> <PUBCHEM_CACTVS_TAUTO_COUNT>\r\n1\r\n\r\n> <PUBCHEM_CONFORMER_ID>\r\n000018A200000001\r\n\r\n> <PUBCHEM_MMFF94_ENERGY>\r\n8.591\r\n\r\n> <PUBCHEM_FEATURE_SELFOVERLAP>\r\n35.58\r\n\r\n> <PUBCHEM_SHAPE_FINGERPRINT>\r\n14390081 3 17988923340795149985\r\n15775835 57 18342177743407050089\r\n18185500 45 18410566280106755181\r\n20653085 51 18130244734222865096\r\n20711978 78 16950847990193428539\r\n21040471 1 18201444623196706381\r\n23552423 10 18410576175601031871\r\n24536 1 18187651335593753062\r\n29004967 10 17168424844207875553\r\n5084963 1 18188757461608289094\r\n\r\n> <PUBCHEM_SHAPE_MULTIPOLES>\r\n168.5\r\n3.29\r\n1.53\r\n1.05\r\n0.65\r\n0.29\r\n-0.04\r\n-1.32\r\n0.1\r\n0.61\r\n0.06\r\n-0.36\r\n0.02\r\n-0.55\r\n\r\n> <PUBCHEM_SHAPE_SELFOVERLAP>\r\n311.09\r\n\r\n> <PUBCHEM_SHAPE_VOLUME>\r\n106.1\r\n\r\n> <PUBCHEM_COORDINATE_TYPE>\r\n2\r\n5\r\n10\r\n\r\n$$$$\r\n');
INSERT INTO `databaseInput_substrate` (`id`, `name`, `chirality`, `structure`) VALUES
(27, 'D-isoleucine', 'D', '76551\r\n  -OEChem-08061307583D\r\n\r\n 22 21  0     1  0  0  0  0  0999 V2000\r\n    1.6924   -1.1085   -1.2050 O   0  0  0  0  0  0  0  0  0  0  0  0\r\n    2.2694   -0.4678    0.8923 O   0  0  0  0  0  0  0  0  0  0  0  0\r\n    0.6388    1.6215    0.9108 N   0  0  0  0  0  0  0  0  0  0  0  0\r\n   -0.8474    0.1961   -0.5095 C   0  0  1  0  0  0  0  0  0  0  0  0\r\n    0.5634    0.8027   -0.3026 C   0  0  2  0  0  0  0  0  0  0  0  0\r\n   -1.3244   -0.7095    0.6506 C   0  0  0  0  0  0  0  0  0  0  0  0\r\n   -1.8893    1.2928   -0.7811 C   0  0  0  0  0  0  0  0  0  0  0  0\r\n   -2.7025   -1.3299    0.4634 C   0  0  0  0  0  0  0  0  0  0  0  0\r\n    1.5996   -0.2974   -0.1190 C   0  0  0  0  0  0  0  0  0  0  0  0\r\n   -0.8080   -0.4293   -1.4121 H   0  0  0  0  0  0  0  0  0  0  0  0\r\n    0.8645    1.4128   -1.1612 H   0  0  0  0  0  0  0  0  0  0  0  0\r\n   -1.3426   -0.1481    1.5916 H   0  0  0  0  0  0  0  0  0  0  0  0\r\n   -0.6067   -1.5268    0.7878 H   0  0  0  0  0  0  0  0  0  0  0  0\r\n   -2.8142    0.8682   -1.1846 H   0  0  0  0  0  0  0  0  0  0  0  0\r\n   -2.1408    1.8496    0.1275 H   0  0  0  0  0  0  0  0  0  0  0  0\r\n   -1.5161    2.0048   -1.5251 H   0  0  0  0  0  0  0  0  0  0  0  0\r\n   -3.4933   -0.5750    0.4992 H   0  0  0  0  0  0  0  0  0  0  0  0\r\n   -2.9011   -2.0498    1.2642 H   0  0  0  0  0  0  0  0  0  0  0  0\r\n   -2.7671   -1.8600   -0.4918 H   0  0  0  0  0  0  0  0  0  0  0  0\r\n    0.3959    1.0723    1.7329 H   0  0  0  0  0  0  0  0  0  0  0  0\r\n   -0.0391    2.3799    0.8616 H   0  0  0  0  0  0  0  0  0  0  0  0\r\n    2.3524   -1.8221   -1.0728 H   0  0  0  0  0  0  0  0  0  0  0  0\r\n  1  9  1  0  0  0  0\r\n  1 22  1  0  0  0  0\r\n  2  9  2  0  0  0  0\r\n  3  5  1  0  0  0  0\r\n  3 20  1  0  0  0  0\r\n  3 21  1  0  0  0  0\r\n  4  5  1  0  0  0  0\r\n  4  6  1  0  0  0  0\r\n  4  7  1  0  0  0  0\r\n  4 10  1  0  0  0  0\r\n  5  9  1  0  0  0  0\r\n  5 11  1  0  0  0  0\r\n  6  8  1  0  0  0  0\r\n  6 12  1  0  0  0  0\r\n  6 13  1  0  0  0  0\r\n  7 14  1  0  0  0  0\r\n  7 15  1  0  0  0  0\r\n  7 16  1  0  0  0  0\r\n  8 17  1  0  0  0  0\r\n  8 18  1  0  0  0  0\r\n  8 19  1  0  0  0  0\r\nM  END\r\n> <PUBCHEM_COMPOUND_CID>\r\n76551\r\n\r\n> <PUBCHEM_CONFORMER_RMSD>\r\n0.6\r\n\r\n> <PUBCHEM_CONFORMER_DIVERSEORDER>\r\n3\r\n8\r\n15\r\n1\r\n9\r\n13\r\n7\r\n6\r\n11\r\n12\r\n10\r\n5\r\n4\r\n14\r\n2\r\n\r\n> <PUBCHEM_MMFF94_PARTIAL_CHARGES>\r\n8\r\n1 -0.65\r\n2 -0.57\r\n20 0.36\r\n21 0.36\r\n22 0.5\r\n3 -0.99\r\n5 0.33\r\n9 0.66\r\n\r\n> <PUBCHEM_EFFECTIVE_ROTOR_COUNT>\r\n3\r\n\r\n> <PUBCHEM_PHARMACOPHORE_FEATURES>\r\n7\r\n1 1 acceptor\r\n1 2 acceptor\r\n1 3 cation\r\n1 3 donor\r\n1 7 hydrophobe\r\n1 8 hydrophobe\r\n3 1 2 9 anion\r\n\r\n> <PUBCHEM_HEAVY_ATOM_COUNT>\r\n9\r\n\r\n> <PUBCHEM_ATOM_DEF_STEREO_COUNT>\r\n2\r\n\r\n> <PUBCHEM_ATOM_UDEF_STEREO_COUNT>\r\n0\r\n\r\n> <PUBCHEM_BOND_DEF_STEREO_COUNT>\r\n0\r\n\r\n> <PUBCHEM_BOND_UDEF_STEREO_COUNT>\r\n0\r\n\r\n> <PUBCHEM_ISOTOPIC_ATOM_COUNT>\r\n0\r\n\r\n> <PUBCHEM_COMPONENT_COUNT>\r\n1\r\n\r\n> <PUBCHEM_CACTVS_TAUTO_COUNT>\r\n1\r\n\r\n> <PUBCHEM_CONFORMER_ID>\r\n00012B0700000003\r\n\r\n> <PUBCHEM_MMFF94_ENERGY>\r\n8.7303\r\n\r\n> <PUBCHEM_FEATURE_SELFOVERLAP>\r\n35.58\r\n\r\n> <PUBCHEM_SHAPE_FINGERPRINT>\r\n12423570 1 10970162560851976773\r\n20711978 78 18058734735556273005\r\n21040471 1 17825944823726942469\r\n21922407 69 17058655294370391155\r\n23552423 10 17603871151759168879\r\n23552449 11 18268433619012549251\r\n24536 1 18272937085300715548\r\n29004967 10 18131631170992923474\r\n\r\n> <PUBCHEM_SHAPE_MULTIPOLES>\r\n168.5\r\n3.28\r\n1.54\r\n1.04\r\n0.66\r\n0.29\r\n0.04\r\n-1.3\r\n-0.14\r\n0.59\r\n-0.06\r\n-0.34\r\n0.01\r\n0.56\r\n\r\n> <PUBCHEM_SHAPE_SELFOVERLAP>\r\n311.117\r\n\r\n> <PUBCHEM_SHAPE_VOLUME>\r\n106.1\r\n\r\n> <PUBCHEM_COORDINATE_TYPE>\r\n2\r\n5\r\n10\r\n\r\n$$$$\r\n'),
(28, 'L-tryptophan', 'L', '6305\r\n  -OEChem-08061308003D\r\n\r\n 27 28  0     1  0  0  0  0  0999 V2000\r\n    1.4762   -0.8154    1.7282 O   0  0  0  0  0  0  0  0  0  0  0  0\r\n    2.5598   -1.9472    0.0879 O   0  0  0  0  0  0  0  0  0  0  0  0\r\n   -1.6474    2.0044    0.5482 N   0  0  0  0  0  0  0  0  0  0  0  0\r\n    3.8759    0.3655   -0.5832 N   0  0  0  0  0  0  0  0  0  0  0  0\r\n    0.1475    1.1323   -0.4236 C   0  0  0  0  0  0  0  0  0  0  0  0\r\n    1.5065    0.9845   -0.9830 C   0  0  0  0  0  0  0  0  0  0  0  0\r\n   -0.8667    0.1349   -0.3859 C   0  0  0  0  0  0  0  0  0  0  0  0\r\n    2.5601    0.4881    0.0402 C   0  0  1  0  0  0  0  0  0  0  0  0\r\n   -1.9823    0.7078    0.2286 C   0  0  0  0  0  0  0  0  0  0  0  0\r\n   -0.3625    2.2702    0.1579 C   0  0  0  0  0  0  0  0  0  0  0  0\r\n   -0.9431   -1.2045   -0.8169 C   0  0  0  0  0  0  0  0  0  0  0  0\r\n   -3.1751    0.0055    0.4346 C   0  0  0  0  0  0  0  0  0  0  0  0\r\n    2.2083   -0.8852    0.5860 C   0  0  0  0  0  0  0  0  0  0  0  0\r\n   -2.1298   -1.9193   -0.6176 C   0  0  0  0  0  0  0  0  0  0  0  0\r\n   -3.2274   -1.3216   -0.0012 C   0  0  0  0  0  0  0  0  0  0  0  0\r\n    1.4724    0.2941   -1.8370 H   0  0  0  0  0  0  0  0  0  0  0  0\r\n    1.8346    1.9497   -1.3927 H   0  0  0  0  0  0  0  0  0  0  0  0\r\n    2.6391    1.1902    0.8789 H   0  0  0  0  0  0  0  0  0  0  0  0\r\n    0.0723    3.2449    0.3304 H   0  0  0  0  0  0  0  0  0  0  0  0\r\n   -2.2620    2.6639    1.0051 H   0  0  0  0  0  0  0  0  0  0  0  0\r\n   -0.1001   -1.6864   -1.3035 H   0  0  0  0  0  0  0  0  0  0  0  0\r\n   -4.0301    0.4699    0.9143 H   0  0  0  0  0  0  0  0  0  0  0  0\r\n   -2.1948   -2.9522   -0.9490 H   0  0  0  0  0  0  0  0  0  0  0  0\r\n    4.5715    0.1348    0.1255 H   0  0  0  0  0  0  0  0  0  0  0  0\r\n    4.1549    1.2657   -0.9717 H   0  0  0  0  0  0  0  0  0  0  0  0\r\n   -4.1393   -1.8953    0.1434 H   0  0  0  0  0  0  0  0  0  0  0  0\r\n    1.2617   -1.7057    2.0797 H   0  0  0  0  0  0  0  0  0  0  0  0\r\n  1 13  1  0  0  0  0\r\n  1 27  1  0  0  0  0\r\n  2 13  2  0  0  0  0\r\n  3  9  1  0  0  0  0\r\n  3 10  1  0  0  0  0\r\n  3 20  1  0  0  0  0\r\n  4  8  1  0  0  0  0\r\n  4 24  1  0  0  0  0\r\n  4 25  1  0  0  0  0\r\n  5  6  1  0  0  0  0\r\n  5  7  1  0  0  0  0\r\n  5 10  2  0  0  0  0\r\n  6  8  1  0  0  0  0\r\n  6 16  1  0  0  0  0\r\n  6 17  1  0  0  0  0\r\n  7  9  1  0  0  0  0\r\n  7 11  2  0  0  0  0\r\n  8 13  1  0  0  0  0\r\n  8 18  1  0  0  0  0\r\n  9 12  2  0  0  0  0\r\n 10 19  1  0  0  0  0\r\n 11 14  1  0  0  0  0\r\n 11 21  1  0  0  0  0\r\n 12 15  1  0  0  0  0\r\n 12 22  1  0  0  0  0\r\n 14 15  2  0  0  0  0\r\n 14 23  1  0  0  0  0\r\n 15 26  1  0  0  0  0\r\nM  END\r\n> <PUBCHEM_COMPOUND_CID>\r\n6305\r\n\r\n> <PUBCHEM_CONFORMER_RMSD>\r\n0.6\r\n\r\n> <PUBCHEM_CONFORMER_DIVERSEORDER>\r\n1\r\n8\r\n18\r\n9\r\n4\r\n15\r\n19\r\n14\r\n17\r\n6\r\n16\r\n12\r\n13\r\n10\r\n7\r\n3\r\n11\r\n5\r\n2\r\n\r\n> <PUBCHEM_MMFF94_PARTIAL_CHARGES>\r\n23\r\n1 -0.65\r\n10 -0.3\r\n11 -0.15\r\n12 -0.15\r\n13 0.66\r\n14 -0.15\r\n15 -0.15\r\n19 0.15\r\n2 -0.57\r\n20 0.27\r\n21 0.15\r\n22 0.15\r\n23 0.15\r\n24 0.36\r\n25 0.36\r\n26 0.15\r\n27 0.5\r\n3 0.03\r\n4 -0.99\r\n5 -0.18\r\n6 0.18\r\n8 0.33\r\n9 -0.15\r\n\r\n> <PUBCHEM_EFFECTIVE_ROTOR_COUNT>\r\n3\r\n\r\n> <PUBCHEM_PHARMACOPHORE_FEATURES>\r\n9\r\n1 1 acceptor\r\n1 2 acceptor\r\n1 3 cation\r\n1 3 donor\r\n1 4 cation\r\n1 4 donor\r\n3 1 2 13 anion\r\n5 3 5 7 9 10 rings\r\n6 7 9 11 12 14 15 rings\r\n\r\n> <PUBCHEM_HEAVY_ATOM_COUNT>\r\n15\r\n\r\n> <PUBCHEM_ATOM_DEF_STEREO_COUNT>\r\n1\r\n\r\n> <PUBCHEM_ATOM_UDEF_STEREO_COUNT>\r\n0\r\n\r\n> <PUBCHEM_BOND_DEF_STEREO_COUNT>\r\n0\r\n\r\n> <PUBCHEM_BOND_UDEF_STEREO_COUNT>\r\n0\r\n\r\n> <PUBCHEM_ISOTOPIC_ATOM_COUNT>\r\n0\r\n\r\n> <PUBCHEM_COMPONENT_COUNT>\r\n1\r\n\r\n> <PUBCHEM_CACTVS_TAUTO_COUNT>\r\n1\r\n\r\n> <PUBCHEM_CONFORMER_ID>\r\n000018A100000001\r\n\r\n> <PUBCHEM_MMFF94_ENERGY>\r\n20.3006\r\n\r\n> <PUBCHEM_FEATURE_SELFOVERLAP>\r\n45.819\r\n\r\n> <PUBCHEM_SHAPE_FINGERPRINT>\r\n11578080 2 18044063921631987172\r\n12382932 28 18342172297346008739\r\n12553582 1 18339637957620267583\r\n13221675 6 18410296938460187006\r\n13538477 17 18409445856177914860\r\n15001771 113 18337390560110812629\r\n15076042 46 18270116786388370305\r\n15375462 189 18335425724268409835\r\n16752209 62 18340195302926022533\r\n16945 1 18341606031762393341\r\n17804303 29 18056201271877253182\r\n19422 9 18335426712311406226\r\n20442098 301 18341891883389899966\r\n20510252 161 17988370260576517201\r\n20645477 70 17690549106974296535\r\n20871998 184 18202566163648381989\r\n22112679 90 18128831913457911133\r\n22445834 79 18408325471008859442\r\n23236772 104 18333455352113071832\r\n232386 152 18269843171275638837\r\n23388829 49 18338797917777723101\r\n23463225 33 18410860962229259495\r\n23552423 10 17905326578571904349\r\n23559900 14 18272931614193070404\r\n23598294 1 18270408191435270001\r\n2748010 2 17186174063400709389\r\n3312278 4 18335986462239826991\r\n34934 24 18410289241900190429\r\n427121 178 16123918433733439433\r\n7364860 26 17840586221194573353\r\n\r\n> <PUBCHEM_SHAPE_MULTIPOLES>\r\n286.99\r\n5.19\r\n2.17\r\n0.99\r\n1.38\r\n0.26\r\n0.17\r\n-1.69\r\n0.1\r\n-0.46\r\n0.05\r\n0.29\r\n-0.14\r\n-0.73\r\n\r\n> <PUBCHEM_SHAPE_SELFOVERLAP>\r\n619.038\r\n\r\n> <PUBCHEM_SHAPE_VOLUME>\r\n158.4\r\n\r\n> <PUBCHEM_COORDINATE_TYPE>\r\n2\r\n5\r\n10\r\n\r\n$$$$\r\n'),
(29, 'D-tryptophan', 'D', '9060\r\n  -OEChem-08061308013D\r\n\r\n 27 28  0     1  0  0  0  0  0999 V2000\r\n   -1.4202    0.8157   -1.6976 O   0  0  0  0  0  0  0  0  0  0  0  0\r\n   -2.5635    1.9491   -0.0995 O   0  0  0  0  0  0  0  0  0  0  0  0\r\n    1.6436   -2.0069   -0.5435 N   0  0  0  0  0  0  0  0  0  0  0  0\r\n   -3.8800   -0.3628    0.5749 N   0  0  0  0  0  0  0  0  0  0  0  0\r\n   -0.1531   -1.1312    0.4218 C   0  0  0  0  0  0  0  0  0  0  0  0\r\n   -1.5132   -0.9814    0.9780 C   0  0  0  0  0  0  0  0  0  0  0  0\r\n    0.8623   -0.1349    0.3851 C   0  0  0  0  0  0  0  0  0  0  0  0\r\n   -2.5642   -0.4860   -0.0484 C   0  0  2  0  0  0  0  0  0  0  0  0\r\n    1.9789   -0.7100   -0.2253 C   0  0  0  0  0  0  0  0  0  0  0  0\r\n    0.3572   -2.2705   -0.1564 C   0  0  0  0  0  0  0  0  0  0  0  0\r\n    0.9388    1.2050    0.8141 C   0  0  0  0  0  0  0  0  0  0  0  0\r\n    3.1730   -0.0093   -0.4291 C   0  0  0  0  0  0  0  0  0  0  0  0\r\n   -2.2117    0.8865   -0.5958 C   0  0  0  0  0  0  0  0  0  0  0  0\r\n    2.1268    1.9183    0.6170 C   0  0  0  0  0  0  0  0  0  0  0  0\r\n    3.2255    1.3185    0.0047 C   0  0  0  0  0  0  0  0  0  0  0  0\r\n   -1.8427   -1.9455    1.3887 H   0  0  0  0  0  0  0  0  0  0  0  0\r\n   -1.4802   -0.2895    1.8308 H   0  0  0  0  0  0  0  0  0  0  0  0\r\n   -2.6425   -1.1883   -0.8871 H   0  0  0  0  0  0  0  0  0  0  0  0\r\n   -0.0780   -3.2451   -0.3284 H   0  0  0  0  0  0  0  0  0  0  0  0\r\n    2.2588   -2.6678   -0.9975 H   0  0  0  0  0  0  0  0  0  0  0  0\r\n    0.0950    1.6886    1.2975 H   0  0  0  0  0  0  0  0  0  0  0  0\r\n    4.0289   -0.4754   -0.9056 H   0  0  0  0  0  0  0  0  0  0  0  0\r\n    2.1919    2.9518    0.9468 H   0  0  0  0  0  0  0  0  0  0  0  0\r\n   -4.1596   -1.2629    0.9633 H   0  0  0  0  0  0  0  0  0  0  0  0\r\n   -4.5755   -0.1319   -0.1340 H   0  0  0  0  0  0  0  0  0  0  0  0\r\n    4.1385    1.8910   -0.1384 H   0  0  0  0  0  0  0  0  0  0  0  0\r\n   -1.1798    1.7056   -2.0327 H   0  0  0  0  0  0  0  0  0  0  0  0\r\n  1 13  1  0  0  0  0\r\n  1 27  1  0  0  0  0\r\n  2 13  2  0  0  0  0\r\n  3  9  1  0  0  0  0\r\n  3 10  1  0  0  0  0\r\n  3 20  1  0  0  0  0\r\n  4  8  1  0  0  0  0\r\n  4 24  1  0  0  0  0\r\n  4 25  1  0  0  0  0\r\n  5  6  1  0  0  0  0\r\n  5  7  1  0  0  0  0\r\n  5 10  2  0  0  0  0\r\n  6  8  1  0  0  0  0\r\n  6 16  1  0  0  0  0\r\n  6 17  1  0  0  0  0\r\n  7  9  1  0  0  0  0\r\n  7 11  2  0  0  0  0\r\n  8 13  1  0  0  0  0\r\n  8 18  1  0  0  0  0\r\n  9 12  2  0  0  0  0\r\n 10 19  1  0  0  0  0\r\n 11 14  1  0  0  0  0\r\n 11 21  1  0  0  0  0\r\n 12 15  1  0  0  0  0\r\n 12 22  1  0  0  0  0\r\n 14 15  2  0  0  0  0\r\n 14 23  1  0  0  0  0\r\n 15 26  1  0  0  0  0\r\nM  END\r\n> <PUBCHEM_COMPOUND_CID>\r\n9060\r\n\r\n> <PUBCHEM_CONFORMER_RMSD>\r\n0.6\r\n\r\n> <PUBCHEM_CONFORMER_DIVERSEORDER>\r\n1\r\n9\r\n18\r\n14\r\n7\r\n19\r\n15\r\n2\r\n11\r\n16\r\n5\r\n6\r\n3\r\n17\r\n13\r\n4\r\n10\r\n12\r\n8\r\n\r\n> <PUBCHEM_MMFF94_PARTIAL_CHARGES>\r\n23\r\n1 -0.65\r\n10 -0.3\r\n11 -0.15\r\n12 -0.15\r\n13 0.66\r\n14 -0.15\r\n15 -0.15\r\n19 0.15\r\n2 -0.57\r\n20 0.27\r\n21 0.15\r\n22 0.15\r\n23 0.15\r\n24 0.36\r\n25 0.36\r\n26 0.15\r\n27 0.5\r\n3 0.03\r\n4 -0.99\r\n5 -0.18\r\n6 0.18\r\n8 0.33\r\n9 -0.15\r\n\r\n> <PUBCHEM_EFFECTIVE_ROTOR_COUNT>\r\n3\r\n\r\n> <PUBCHEM_PHARMACOPHORE_FEATURES>\r\n9\r\n1 1 acceptor\r\n1 2 acceptor\r\n1 3 cation\r\n1 3 donor\r\n1 4 cation\r\n1 4 donor\r\n3 1 2 13 anion\r\n5 3 5 7 9 10 rings\r\n6 7 9 11 12 14 15 rings\r\n\r\n> <PUBCHEM_HEAVY_ATOM_COUNT>\r\n15\r\n\r\n> <PUBCHEM_ATOM_DEF_STEREO_COUNT>\r\n1\r\n\r\n> <PUBCHEM_ATOM_UDEF_STEREO_COUNT>\r\n0\r\n\r\n> <PUBCHEM_BOND_DEF_STEREO_COUNT>\r\n0\r\n\r\n> <PUBCHEM_BOND_UDEF_STEREO_COUNT>\r\n0\r\n\r\n> <PUBCHEM_ISOTOPIC_ATOM_COUNT>\r\n0\r\n\r\n> <PUBCHEM_COMPONENT_COUNT>\r\n1\r\n\r\n> <PUBCHEM_CACTVS_TAUTO_COUNT>\r\n1\r\n\r\n> <PUBCHEM_CONFORMER_ID>\r\n0000236400000001\r\n\r\n> <PUBCHEM_MMFF94_ENERGY>\r\n20.3132\r\n\r\n> <PUBCHEM_FEATURE_SELFOVERLAP>\r\n45.82\r\n\r\n> <PUBCHEM_SHAPE_FINGERPRINT>\r\n1 1 18341612637670079438\r\n10608611 8 18408603630492564929\r\n11031198 65 18342742918110962310\r\n11132069 177 18189330337378798425\r\n11471102 20 18343022189832721161\r\n11578080 2 8408286333729413535\r\n12654215 9 18339355250140663908\r\n13132413 78 17102813562585277602\r\n13294875 104 16811768436666108123\r\n13464514 151 18194405485384000452\r\n13839132 238 18187079520838258991\r\n15219456 202 18408886209033050227\r\n15775835 57 18200879585751970831\r\n16945 1 18341604932229640570\r\n17844478 74 18261404385388912891\r\n18186145 218 18130794477215005320\r\n21028194 46 18334292089035848048\r\n21501502 16 18335416812185065627\r\n21524375 3 18339358686030442626\r\n21947302 44 18337945705998010866\r\n22802520 49 18264773164235604389\r\n23402539 116 17968933218685488171\r\n23402655 69 18272931618192443685\r\n238 59 18123437597605775477\r\n25 1 18412829053598863448\r\n2748010 2 17838908375340942370\r\n3286 77 18408600331725651199\r\n63268167 104 18202005404159962474\r\n77492 1 16845580802779571291\r\n81228 2 17332792255026495498\r\n\r\n> <PUBCHEM_SHAPE_MULTIPOLES>\r\n286.99\r\n5.18\r\n2.17\r\n0.98\r\n1.4\r\n0.26\r\n-0.15\r\n-1.68\r\n-0.09\r\n-0.46\r\n-0.05\r\n0.28\r\n-0.14\r\n0.72\r\n\r\n> <PUBCHEM_SHAPE_SELFOVERLAP>\r\n619.239\r\n\r\n> <PUBCHEM_SHAPE_VOLUME>\r\n158.3\r\n\r\n> <PUBCHEM_COORDINATE_TYPE>\r\n2\r\n5\r\n10\r\n\r\n$$$$\r\n'),
(30, 'L-histidine', 'L', '6274\r\n  -OEChem-08061308023D\r\n\r\n 20 20  0     1  0  0  0  0  0999 V2000\r\n   -1.0689   -1.6919   -0.7660 O   0  0  0  0  0  0  0  0  0  0  0  0\r\n   -2.4946   -1.1223    0.9038 O   0  0  0  0  0  0  0  0  0  0  0  0\r\n    1.6797    0.1409    1.1624 N   0  0  0  0  0  0  0  0  0  0  0  0\r\n   -2.7494    1.3693   -0.2178 N   0  0  0  0  0  0  0  0  0  0  0  0\r\n    2.8201   -0.3365   -0.6825 N   0  0  0  0  0  0  0  0  0  0  0  0\r\n   -0.3579    1.3004    0.3217 C   0  0  0  0  0  0  0  0  0  0  0  0\r\n   -1.5062    0.6397   -0.4567 C   0  0  1  0  0  0  0  0  0  0  0  0\r\n    0.9671    0.6020    0.1195 C   0  0  0  0  0  0  0  0  0  0  0  0\r\n   -1.7498   -0.7917   -0.0102 C   0  0  0  0  0  0  0  0  0  0  0  0\r\n    1.6556    0.3150   -1.0031 C   0  0  0  0  0  0  0  0  0  0  0  0\r\n    2.8043   -0.4249    0.6290 C   0  0  0  0  0  0  0  0  0  0  0  0\r\n   -0.5942    1.3196    1.3946 H   0  0  0  0  0  0  0  0  0  0  0  0\r\n   -0.2433    2.3450    0.0039 H   0  0  0  0  0  0  0  0  0  0  0  0\r\n   -1.3124    0.6416   -1.5355 H   0  0  0  0  0  0  0  0  0  0  0  0\r\n    1.4441    0.1943    2.1450 H   0  0  0  0  0  0  0  0  0  0  0  0\r\n    1.3992    0.5299   -2.0301 H   0  0  0  0  0  0  0  0  0  0  0  0\r\n   -2.6419    2.3346   -0.5280 H   0  0  0  0  0  0  0  0  0  0  0  0\r\n   -2.9358    1.4198    0.7835 H   0  0  0  0  0  0  0  0  0  0  0  0\r\n    3.5655   -0.8810    1.2458 H   0  0  0  0  0  0  0  0  0  0  0  0\r\n   -1.2415   -2.6142   -0.4801 H   0  0  0  0  0  0  0  0  0  0  0  0\r\n  1  9  1  0  0  0  0\r\n  1 20  1  0  0  0  0\r\n  2  9  2  0  0  0  0\r\n  3  8  1  0  0  0  0\r\n  3 11  1  0  0  0  0\r\n  3 15  1  0  0  0  0\r\n  4  7  1  0  0  0  0\r\n  4 17  1  0  0  0  0\r\n  4 18  1  0  0  0  0\r\n  5 10  1  0  0  0  0\r\n  5 11  2  0  0  0  0\r\n  6  7  1  0  0  0  0\r\n  6  8  1  0  0  0  0\r\n  6 12  1  0  0  0  0\r\n  6 13  1  0  0  0  0\r\n  7  9  1  0  0  0  0\r\n  7 14  1  0  0  0  0\r\n  8 10  2  0  0  0  0\r\n 10 16  1  0  0  0  0\r\n 11 19  1  0  0  0  0\r\nM  END\r\n> <PUBCHEM_COMPOUND_CID>\r\n6274\r\n\r\n> <PUBCHEM_CONFORMER_RMSD>\r\n0.6\r\n\r\n> <PUBCHEM_CONFORMER_DIVERSEORDER>\r\n1\r\n9\r\n16\r\n12\r\n4\r\n20\r\n7\r\n8\r\n14\r\n15\r\n3\r\n6\r\n2\r\n11\r\n19\r\n17\r\n10\r\n5\r\n13\r\n18\r\n\r\n> <PUBCHEM_MMFF94_PARTIAL_CHARGES>\r\n17\r\n1 -0.65\r\n10 0.08\r\n11 0.04\r\n15 0.27\r\n16 0.15\r\n17 0.36\r\n18 0.36\r\n19 0.15\r\n2 -0.57\r\n20 0.5\r\n3 0.03\r\n4 -0.99\r\n5 -0.57\r\n6 0.18\r\n7 0.33\r\n8 -0.33\r\n9 0.66\r\n\r\n> <PUBCHEM_EFFECTIVE_ROTOR_COUNT>\r\n3\r\n\r\n> <PUBCHEM_PHARMACOPHORE_FEATURES>\r\n8\r\n1 1 acceptor\r\n1 2 acceptor\r\n1 3 donor\r\n1 4 cation\r\n1 4 donor\r\n3 1 2 9 anion\r\n3 3 5 11 cation\r\n5 3 5 8 10 11 rings\r\n\r\n> <PUBCHEM_HEAVY_ATOM_COUNT>\r\n11\r\n\r\n> <PUBCHEM_ATOM_DEF_STEREO_COUNT>\r\n1\r\n\r\n> <PUBCHEM_ATOM_UDEF_STEREO_COUNT>\r\n0\r\n\r\n> <PUBCHEM_BOND_DEF_STEREO_COUNT>\r\n0\r\n\r\n> <PUBCHEM_BOND_UDEF_STEREO_COUNT>\r\n0\r\n\r\n> <PUBCHEM_ISOTOPIC_ATOM_COUNT>\r\n0\r\n\r\n> <PUBCHEM_COMPONENT_COUNT>\r\n1\r\n\r\n> <PUBCHEM_CACTVS_TAUTO_COUNT>\r\n2\r\n\r\n> <PUBCHEM_CONFORMER_ID>\r\n0000188200000001\r\n\r\n> <PUBCHEM_MMFF94_ENERGY>\r\n7.9539\r\n\r\n> <PUBCHEM_FEATURE_SELFOVERLAP>\r\n40.654\r\n\r\n> <PUBCHEM_SHAPE_FINGERPRINT>\r\n12897270 3 14056993979206604083\r\n12932764 1 18271807968700595688\r\n15310529 11 17895482521612900700\r\n16945 1 17969215655460391109\r\n20201158 50 17632574907814046286\r\n20645464 45 17846491543443691394\r\n23235685 24 18339075965433964901\r\n23552423 10 17968380168362411957\r\n29004967 10 17203891859937136848\r\n369184 2 14908180854499463455\r\n\r\n> <PUBCHEM_SHAPE_MULTIPOLES>\r\n199.69\r\n4.3\r\n1.38\r\n1\r\n0.59\r\n0.14\r\n-0.02\r\n0.46\r\n-0.2\r\n-1.01\r\n0.05\r\n0.32\r\n0.1\r\n0.1\r\n\r\n> <PUBCHEM_SHAPE_SELFOVERLAP>\r\n409.56\r\n\r\n> <PUBCHEM_SHAPE_VOLUME>\r\n117.2\r\n\r\n> <PUBCHEM_COORDINATE_TYPE>\r\n2\r\n5\r\n10\r\n\r\n$$$$\r\n'),
(31, 'D-histidine', 'D', '71083\r\n  -OEChem-08061308033D\r\n\r\n 20 20  0     1  0  0  0  0  0999 V2000\r\n    1.9365   -1.5628   -0.9470 O   0  0  0  0  0  0  0  0  0  0  0  0\r\n    2.5274   -0.8197    1.1196 O   0  0  0  0  0  0  0  0  0  0  0  0\r\n   -2.1857    1.0655   -0.0387 N   0  0  0  0  0  0  0  0  0  0  0  0\r\n    2.4073    1.6934   -0.4366 N   0  0  0  0  0  0  0  0  0  0  0  0\r\n   -2.7000   -1.0946   -0.0788 N   0  0  0  0  0  0  0  0  0  0  0  0\r\n    0.2383    1.0917    0.5328 C   0  0  0  0  0  0  0  0  0  0  0  0\r\n    1.3602    0.6701   -0.4259 C   0  0  2  0  0  0  0  0  0  0  0  0\r\n   -1.0660    0.3805    0.2516 C   0  0  0  0  0  0  0  0  0  0  0  0\r\n    2.0150   -0.6197    0.0273 C   0  0  0  0  0  0  0  0  0  0  0  0\r\n   -1.3726   -0.9313    0.2291 C   0  0  0  0  0  0  0  0  0  0  0  0\r\n   -3.1605    0.1269   -0.2333 C   0  0  0  0  0  0  0  0  0  0  0  0\r\n    0.0617    2.1730    0.4461 H   0  0  0  0  0  0  0  0  0  0  0  0\r\n    0.5170    0.9063    1.5783 H   0  0  0  0  0  0  0  0  0  0  0  0\r\n    0.9803    0.5561   -1.4479 H   0  0  0  0  0  0  0  0  0  0  0  0\r\n   -2.2987    2.0689   -0.1036 H   0  0  0  0  0  0  0  0  0  0  0  0\r\n   -0.7364   -1.7837    0.4165 H   0  0  0  0  0  0  0  0  0  0  0  0\r\n    2.7240    1.8738    0.5160 H   0  0  0  0  0  0  0  0  0  0  0  0\r\n    2.0184    2.5746   -0.7709 H   0  0  0  0  0  0  0  0  0  0  0  0\r\n   -4.1764    0.3974   -0.4837 H   0  0  0  0  0  0  0  0  0  0  0  0\r\n    2.3426   -2.4111   -0.6680 H   0  0  0  0  0  0  0  0  0  0  0  0\r\n  1  9  1  0  0  0  0\r\n  1 20  1  0  0  0  0\r\n  2  9  2  0  0  0  0\r\n  3  8  1  0  0  0  0\r\n  3 11  1  0  0  0  0\r\n  3 15  1  0  0  0  0\r\n  4  7  1  0  0  0  0\r\n  4 17  1  0  0  0  0\r\n  4 18  1  0  0  0  0\r\n  5 10  1  0  0  0  0\r\n  5 11  2  0  0  0  0\r\n  6  7  1  0  0  0  0\r\n  6  8  1  0  0  0  0\r\n  6 12  1  0  0  0  0\r\n  6 13  1  0  0  0  0\r\n  7  9  1  0  0  0  0\r\n  7 14  1  0  0  0  0\r\n  8 10  2  0  0  0  0\r\n 10 16  1  0  0  0  0\r\n 11 19  1  0  0  0  0\r\nM  END\r\n> <PUBCHEM_COMPOUND_CID>\r\n71083\r\n\r\n> <PUBCHEM_CONFORMER_RMSD>\r\n0.6\r\n\r\n> <PUBCHEM_CONFORMER_DIVERSEORDER>\r\n2\r\n19\r\n5\r\n22\r\n18\r\n7\r\n6\r\n10\r\n21\r\n8\r\n15\r\n14\r\n17\r\n12\r\n9\r\n1\r\n4\r\n16\r\n13\r\n3\r\n20\r\n11\r\n\r\n> <PUBCHEM_MMFF94_PARTIAL_CHARGES>\r\n17\r\n1 -0.65\r\n10 0.08\r\n11 0.04\r\n15 0.27\r\n16 0.15\r\n17 0.36\r\n18 0.36\r\n19 0.15\r\n2 -0.57\r\n20 0.5\r\n3 0.03\r\n4 -0.99\r\n5 -0.57\r\n6 0.18\r\n7 0.33\r\n8 -0.33\r\n9 0.66\r\n\r\n> <PUBCHEM_EFFECTIVE_ROTOR_COUNT>\r\n3\r\n\r\n> <PUBCHEM_PHARMACOPHORE_FEATURES>\r\n8\r\n1 1 acceptor\r\n1 2 acceptor\r\n1 3 donor\r\n1 4 cation\r\n1 4 donor\r\n3 1 2 9 anion\r\n3 3 5 11 cation\r\n5 3 5 8 10 11 rings\r\n\r\n> <PUBCHEM_HEAVY_ATOM_COUNT>\r\n11\r\n\r\n> <PUBCHEM_ATOM_DEF_STEREO_COUNT>\r\n1\r\n\r\n> <PUBCHEM_ATOM_UDEF_STEREO_COUNT>\r\n0\r\n\r\n> <PUBCHEM_BOND_DEF_STEREO_COUNT>\r\n0\r\n\r\n> <PUBCHEM_BOND_UDEF_STEREO_COUNT>\r\n0\r\n\r\n> <PUBCHEM_ISOTOPIC_ATOM_COUNT>\r\n0\r\n\r\n> <PUBCHEM_COMPONENT_COUNT>\r\n1\r\n\r\n> <PUBCHEM_CACTVS_TAUTO_COUNT>\r\n2\r\n\r\n> <PUBCHEM_CONFORMER_ID>\r\n000115AB00000002\r\n\r\n> <PUBCHEM_MMFF94_ENERGY>\r\n8.8346\r\n\r\n> <PUBCHEM_FEATURE_SELFOVERLAP>\r\n40.652\r\n\r\n> <PUBCHEM_SHAPE_FINGERPRINT>\r\n12897270 3 18265903629624331773\r\n12932764 1 17821733805887986261\r\n14325111 11 18407759253076072577\r\n15310529 11 18336547221944628157\r\n16945 1 18263646156438130897\r\n17990270 104 18412831269849539014\r\n19973954 147 18411424990135251309\r\n20201158 50 18413106134708206655\r\n20645477 70 18410289229416260799\r\n23235687 12 18334290955053777204\r\n23552423 10 18334013895524914915\r\n3248919 1 18343862204063626577\r\n369184 2 18334013908615525593\r\n7364860 26 18343303695280715968\r\n\r\n> <PUBCHEM_SHAPE_MULTIPOLES>\r\n199.69\r\n4.67\r\n1.52\r\n0.81\r\n1.31\r\n0.04\r\n-0.05\r\n-0.48\r\n0.27\r\n-0.65\r\n0.15\r\n-0.39\r\n-0.11\r\n-0.11\r\n\r\n> <PUBCHEM_SHAPE_SELFOVERLAP>\r\n409.132\r\n\r\n> <PUBCHEM_SHAPE_VOLUME>\r\n117.4\r\n\r\n> <PUBCHEM_COORDINATE_TYPE>\r\n2\r\n5\r\n10\r\n\r\n$$$$\r\n'),
(32, 'L-lysine', 'L', '5962\r\n  -OEChem-08061308043D\r\n\r\n 24 23  0     1  0  0  0  0  0999 V2000\r\n   -2.7908   -1.6235   -0.3318 O   0  0  0  0  0  0  0  0  0  0  0  0\r\n   -3.5637    0.2615    0.6609 O   0  0  0  0  0  0  0  0  0  0  0  0\r\n   -1.5026    1.7690   -0.0718 N   0  0  0  0  0  0  0  0  0  0  0  0\r\n    4.8579   -0.3942    0.2918 N   0  0  0  0  0  0  0  0  0  0  0  0\r\n    1.1674    0.3292   -0.3051 C   0  0  0  0  0  0  0  0  0  0  0  0\r\n   -0.1555   -0.2958    0.1586 C   0  0  0  0  0  0  0  0  0  0  0  0\r\n    2.4066   -0.3826    0.2435 C   0  0  0  0  0  0  0  0  0  0  0  0\r\n   -1.4135    0.3533   -0.4323 C   0  0  1  0  0  0  0  0  0  0  0  0\r\n    3.6883    0.3006   -0.2331 C   0  0  0  0  0  0  0  0  0  0  0  0\r\n   -2.6942   -0.3175    0.0195 C   0  0  0  0  0  0  0  0  0  0  0  0\r\n    1.2003    1.3818    0.0009 H   0  0  0  0  0  0  0  0  0  0  0  0\r\n    1.2016    0.3162   -1.4017 H   0  0  0  0  0  0  0  0  0  0  0  0\r\n   -0.2045   -0.2620    1.2554 H   0  0  0  0  0  0  0  0  0  0  0  0\r\n   -0.1479   -1.3614   -0.1051 H   0  0  0  0  0  0  0  0  0  0  0  0\r\n    2.3982   -1.4306   -0.0810 H   0  0  0  0  0  0  0  0  0  0  0  0\r\n    2.3689   -0.3832    1.3401 H   0  0  0  0  0  0  0  0  0  0  0  0\r\n   -1.3829    0.2891   -1.5263 H   0  0  0  0  0  0  0  0  0  0  0  0\r\n    3.7077    1.3445    0.0985 H   0  0  0  0  0  0  0  0  0  0  0  0\r\n    3.7326    0.2970   -1.3275 H   0  0  0  0  0  0  0  0  0  0  0  0\r\n   -1.5674    1.8676    0.9405 H   0  0  0  0  0  0  0  0  0  0  0  0\r\n   -2.3525    2.1750   -0.4609 H   0  0  0  0  0  0  0  0  0  0  0  0\r\n    4.8417   -0.3724    1.3106 H   0  0  0  0  0  0  0  0  0  0  0  0\r\n    5.7014    0.1029    0.0088 H   0  0  0  0  0  0  0  0  0  0  0  0\r\n   -3.6273   -2.0269   -0.0160 H   0  0  0  0  0  0  0  0  0  0  0  0\r\n  1 10  1  0  0  0  0\r\n  1 24  1  0  0  0  0\r\n  2 10  2  0  0  0  0\r\n  3  8  1  0  0  0  0\r\n  3 20  1  0  0  0  0\r\n  3 21  1  0  0  0  0\r\n  4  9  1  0  0  0  0\r\n  4 22  1  0  0  0  0\r\n  4 23  1  0  0  0  0\r\n  5  6  1  0  0  0  0\r\n  5  7  1  0  0  0  0\r\n  5 11  1  0  0  0  0\r\n  5 12  1  0  0  0  0\r\n  6  8  1  0  0  0  0\r\n  6 13  1  0  0  0  0\r\n  6 14  1  0  0  0  0\r\n  7  9  1  0  0  0  0\r\n  7 15  1  0  0  0  0\r\n  7 16  1  0  0  0  0\r\n  8 10  1  0  0  0  0\r\n  8 17  1  0  0  0  0\r\n  9 18  1  0  0  0  0\r\n  9 19  1  0  0  0  0\r\nM  END\r\n> <PUBCHEM_COMPOUND_CID>\r\n5962\r\n\r\n> <PUBCHEM_CONFORMER_RMSD>\r\n0.6\r\n\r\n> <PUBCHEM_CONFORMER_DIVERSEORDER>\r\n2\r\n69\r\n67\r\n30\r\n93\r\n65\r\n90\r\n29\r\n18\r\n59\r\n77\r\n40\r\n22\r\n32\r\n56\r\n35\r\n85\r\n66\r\n8\r\n73\r\n75\r\n7\r\n61\r\n64\r\n72\r\n70\r\n89\r\n62\r\n55\r\n37\r\n79\r\n46\r\n68\r\n50\r\n92\r\n44\r\n63\r\n88\r\n5\r\n76\r\n52\r\n16\r\n17\r\n71\r\n19\r\n80\r\n25\r\n54\r\n34\r\n41\r\n53\r\n12\r\n74\r\n84\r\n1\r\n6\r\n23\r\n45\r\n39\r\n82\r\n83\r\n47\r\n3\r\n13\r\n42\r\n4\r\n49\r\n86\r\n26\r\n9\r\n87\r\n58\r\n81\r\n60\r\n21\r\n31\r\n78\r\n33\r\n38\r\n48\r\n20\r\n36\r\n24\r\n51\r\n15\r\n27\r\n91\r\n57\r\n11\r\n28\r\n43\r\n10\r\n14\r\n\r\n> <PUBCHEM_MMFF94_PARTIAL_CHARGES>\r\n12\r\n1 -0.65\r\n10 0.66\r\n2 -0.57\r\n20 0.36\r\n21 0.36\r\n22 0.36\r\n23 0.36\r\n24 0.5\r\n3 -0.99\r\n4 -0.99\r\n8 0.33\r\n9 0.27\r\n\r\n> <PUBCHEM_EFFECTIVE_ROTOR_COUNT>\r\n5\r\n\r\n> <PUBCHEM_PHARMACOPHORE_FEATURES>\r\n7\r\n1 1 acceptor\r\n1 2 acceptor\r\n1 3 cation\r\n1 3 donor\r\n1 4 cation\r\n1 4 donor\r\n3 1 2 10 anion\r\n\r\n> <PUBCHEM_HEAVY_ATOM_COUNT>\r\n10\r\n\r\n> <PUBCHEM_ATOM_DEF_STEREO_COUNT>\r\n1\r\n\r\n> <PUBCHEM_ATOM_UDEF_STEREO_COUNT>\r\n0\r\n\r\n> <PUBCHEM_BOND_DEF_STEREO_COUNT>\r\n0\r\n\r\n> <PUBCHEM_BOND_UDEF_STEREO_COUNT>\r\n0\r\n\r\n> <PUBCHEM_ISOTOPIC_ATOM_COUNT>\r\n0\r\n\r\n> <PUBCHEM_COMPONENT_COUNT>\r\n1\r\n\r\n> <PUBCHEM_CACTVS_TAUTO_COUNT>\r\n1\r\n\r\n> <PUBCHEM_CONFORMER_ID>\r\n0000174A00000002\r\n\r\n> <PUBCHEM_MMFF94_ENERGY>\r\n0.9369\r\n\r\n> <PUBCHEM_FEATURE_SELFOVERLAP>\r\n35.58\r\n\r\n> <PUBCHEM_SHAPE_FINGERPRINT>\r\n11062470 55 11527947859386917362\r\n12932764 1 17488728022213747326\r\n14325111 11 18335981987216207414\r\n18342897 69 18409724058515912674\r\n190213 19 13326856642999686966\r\n20645464 45 17132120147433185679\r\n20828058 44 18344145899691559430\r\n21293036 1 14418135127601398720\r\n22485316 2 18411696582597877162\r\n23380061 127 18409162186852672052\r\n23402539 116 18408595968128373974\r\n\r\n> <PUBCHEM_SHAPE_MULTIPOLES>\r\n184.09\r\n7.75\r\n1.15\r\n0.68\r\n6.62\r\n0.13\r\n0\r\n-1.2\r\n0.77\r\n-0.91\r\n-0.08\r\n-0.09\r\n0\r\n-0.27\r\n\r\n> <PUBCHEM_SHAPE_SELFOVERLAP>\r\n337.151\r\n\r\n> <PUBCHEM_SHAPE_VOLUME>\r\n116.7\r\n\r\n> <PUBCHEM_COORDINATE_TYPE>\r\n2\r\n5\r\n10\r\n\r\n$$$$\r\n'),
(33, 'D-lysine', 'D', '57449\r\n  -OEChem-08061308053D\r\n\r\n 24 23  0     1  0  0  0  0  0999 V2000\r\n   -2.2075    1.6185   -0.7760 O   0  0  0  0  0  0  0  0  0  0  0  0\r\n   -2.5375    0.6972    1.2682 O   0  0  0  0  0  0  0  0  0  0  0  0\r\n   -1.8558   -1.7600    0.5238 N   0  0  0  0  0  0  0  0  0  0  0  0\r\n    4.5392    0.3714    0.1142 N   0  0  0  0  0  0  0  0  0  0  0  0\r\n    0.7841   -0.2591    0.0754 C   0  0  0  0  0  0  0  0  0  0  0  0\r\n   -0.2456   -0.6468   -0.9944 C   0  0  0  0  0  0  0  0  0  0  0  0\r\n    2.2092   -0.1237   -0.4668 C   0  0  0  0  0  0  0  0  0  0  0  0\r\n   -1.6938   -0.7206   -0.4939 C   0  0  2  0  0  0  0  0  0  0  0  0\r\n    3.1892    0.2388    0.6489 C   0  0  0  0  0  0  0  0  0  0  0  0\r\n   -2.1815    0.5844    0.1007 C   0  0  0  0  0  0  0  0  0  0  0  0\r\n    0.7870   -1.0120    0.8722 H   0  0  0  0  0  0  0  0  0  0  0  0\r\n    0.4945    0.6921    0.5378 H   0  0  0  0  0  0  0  0  0  0  0  0\r\n    0.0383   -1.6128   -1.4319 H   0  0  0  0  0  0  0  0  0  0  0  0\r\n   -0.1914    0.0867   -1.8092 H   0  0  0  0  0  0  0  0  0  0  0  0\r\n    2.2299    0.6466   -1.2478 H   0  0  0  0  0  0  0  0  0  0  0  0\r\n    2.5101   -1.0686   -0.9364 H   0  0  0  0  0  0  0  0  0  0  0  0\r\n   -2.3597   -0.9665   -1.3289 H   0  0  0  0  0  0  0  0  0  0  0  0\r\n    3.1815   -0.5330    1.4263 H   0  0  0  0  0  0  0  0  0  0  0  0\r\n    2.8959    1.1854    1.1153 H   0  0  0  0  0  0  0  0  0  0  0  0\r\n   -1.2906   -1.5447    1.3436 H   0  0  0  0  0  0  0  0  0  0  0  0\r\n   -1.5052   -2.6473    0.1647 H   0  0  0  0  0  0  0  0  0  0  0  0\r\n    4.8339   -0.5131   -0.2977 H   0  0  0  0  0  0  0  0  0  0  0  0\r\n    5.1878    0.5614    0.8771 H   0  0  0  0  0  0  0  0  0  0  0  0\r\n   -2.5340    2.4441   -0.3589 H   0  0  0  0  0  0  0  0  0  0  0  0\r\n  1 10  1  0  0  0  0\r\n  1 24  1  0  0  0  0\r\n  2 10  2  0  0  0  0\r\n  3  8  1  0  0  0  0\r\n  3 20  1  0  0  0  0\r\n  3 21  1  0  0  0  0\r\n  4  9  1  0  0  0  0\r\n  4 22  1  0  0  0  0\r\n  4 23  1  0  0  0  0\r\n  5  6  1  0  0  0  0\r\n  5  7  1  0  0  0  0\r\n  5 11  1  0  0  0  0\r\n  5 12  1  0  0  0  0\r\n  6  8  1  0  0  0  0\r\n  6 13  1  0  0  0  0\r\n  6 14  1  0  0  0  0\r\n  7  9  1  0  0  0  0\r\n  7 15  1  0  0  0  0\r\n  7 16  1  0  0  0  0\r\n  8 10  1  0  0  0  0\r\n  8 17  1  0  0  0  0\r\n  9 18  1  0  0  0  0\r\n  9 19  1  0  0  0  0\r\nM  END\r\n> <PUBCHEM_COMPOUND_CID>\r\n57449\r\n\r\n> <PUBCHEM_CONFORMER_RMSD>\r\n0.6\r\n\r\n> <PUBCHEM_CONFORMER_DIVERSEORDER>\r\n1\r\n69\r\n13\r\n11\r\n31\r\n39\r\n14\r\n60\r\n63\r\n52\r\n59\r\n40\r\n23\r\n53\r\n71\r\n67\r\n41\r\n70\r\n36\r\n38\r\n61\r\n3\r\n22\r\n56\r\n37\r\n65\r\n19\r\n62\r\n29\r\n18\r\n6\r\n7\r\n33\r\n15\r\n42\r\n64\r\n68\r\n8\r\n45\r\n2\r\n35\r\n48\r\n16\r\n27\r\n50\r\n34\r\n26\r\n66\r\n58\r\n24\r\n4\r\n54\r\n21\r\n30\r\n47\r\n46\r\n51\r\n5\r\n57\r\n25\r\n28\r\n44\r\n49\r\n12\r\n17\r\n43\r\n20\r\n32\r\n55\r\n9\r\n10\r\n\r\n> <PUBCHEM_MMFF94_PARTIAL_CHARGES>\r\n12\r\n1 -0.65\r\n10 0.66\r\n2 -0.57\r\n20 0.36\r\n21 0.36\r\n22 0.36\r\n23 0.36\r\n24 0.5\r\n3 -0.99\r\n4 -0.99\r\n8 0.33\r\n9 0.27\r\n\r\n> <PUBCHEM_EFFECTIVE_ROTOR_COUNT>\r\n5\r\n\r\n> <PUBCHEM_PHARMACOPHORE_FEATURES>\r\n7\r\n1 1 acceptor\r\n1 2 acceptor\r\n1 3 cation\r\n1 3 donor\r\n1 4 cation\r\n1 4 donor\r\n3 1 2 10 anion\r\n\r\n> <PUBCHEM_HEAVY_ATOM_COUNT>\r\n10\r\n\r\n> <PUBCHEM_ATOM_DEF_STEREO_COUNT>\r\n1\r\n\r\n> <PUBCHEM_ATOM_UDEF_STEREO_COUNT>\r\n0\r\n\r\n> <PUBCHEM_BOND_DEF_STEREO_COUNT>\r\n0\r\n\r\n> <PUBCHEM_BOND_UDEF_STEREO_COUNT>\r\n0\r\n\r\n> <PUBCHEM_ISOTOPIC_ATOM_COUNT>\r\n0\r\n\r\n> <PUBCHEM_COMPONENT_COUNT>\r\n1\r\n\r\n> <PUBCHEM_CACTVS_TAUTO_COUNT>\r\n1\r\n\r\n> <PUBCHEM_CONFORMER_ID>\r\n0000E06900000001\r\n\r\n> <PUBCHEM_MMFF94_ENERGY>\r\n0.7402\r\n\r\n> <PUBCHEM_FEATURE_SELFOVERLAP>\r\n35.58\r\n\r\n> <PUBCHEM_SHAPE_FINGERPRINT>\r\n11127187 94 10735865158725924641\r\n124424 183 18131060512047966050\r\n12897270 3 11095876051636763406\r\n12932764 1 18187362125797530832\r\n13024252 1 16660358195325319863\r\n14390081 3 17632576037269106098\r\n20211469 26 15430322463920647035\r\n20645464 45 18343588421099166558\r\n20653085 51 15983996817091189515\r\n23402539 116 18341603871947965695\r\n23500284 214 18060147500613298457\r\n3248919 1 18334573572892838870\r\n\r\n> <PUBCHEM_SHAPE_MULTIPOLES>\r\n184.09\r\n6.13\r\n1.26\r\n0.98\r\n7.25\r\n0.08\r\n-0.03\r\n-1.62\r\n-0.95\r\n-1.16\r\n-0.01\r\n-0.42\r\n-0.06\r\n0.24\r\n\r\n> <PUBCHEM_SHAPE_SELFOVERLAP>\r\n338.013\r\n\r\n> <PUBCHEM_SHAPE_VOLUME>\r\n116.4\r\n\r\n> <PUBCHEM_COORDINATE_TYPE>\r\n2\r\n5\r\n10\r\n\r\n$$$$\r\n'),
(34, 'L-arginine', 'L', '6322\r\n  -OEChem-08061308063D\r\n\r\n 26 25  0     1  0  0  0  0  0999 V2000\r\n   -2.3027   -1.9535   -0.2040 O   0  0  0  0  0  0  0  0  0  0  0  0\r\n   -3.4436   -0.5315    1.1465 O   0  0  0  0  0  0  0  0  0  0  0  0\r\n   -2.8917    1.6021   -0.3339 N   0  0  0  0  0  0  0  0  0  0  0  0\r\n    1.9642   -0.2357    0.0497 N   0  0  0  0  0  0  0  0  0  0  0  0\r\n    3.9181   -1.4167   -0.3497 N   0  0  0  0  0  0  0  0  0  0  0  0\r\n    4.1368    0.7627    0.2805 N   0  0  0  0  0  0  0  0  0  0  0  0\r\n   -0.7698    0.4929   -0.8697 C   0  0  0  0  0  0  0  0  0  0  0  0\r\n   -0.1713    0.8748    0.4921 C   0  0  0  0  0  0  0  0  0  0  0  0\r\n   -2.2988    0.3560   -0.8131 C   0  0  1  0  0  0  0  0  0  0  0  0\r\n    1.3447    1.0326    0.4373 C   0  0  0  0  0  0  0  0  0  0  0  0\r\n   -2.7459   -0.7207    0.1586 C   0  0  0  0  0  0  0  0  0  0  0  0\r\n    3.2599   -0.2630    0.0056 C   0  0  0  0  0  0  0  0  0  0  0  0\r\n   -0.3371   -0.4537   -1.2146 H   0  0  0  0  0  0  0  0  0  0  0  0\r\n   -0.4987    1.2540   -1.6125 H   0  0  0  0  0  0  0  0  0  0  0  0\r\n   -0.5946    1.8211    0.8474 H   0  0  0  0  0  0  0  0  0  0  0  0\r\n   -0.4186    0.1088    1.2369 H   0  0  0  0  0  0  0  0  0  0  0  0\r\n   -2.7019    0.1202   -1.8038 H   0  0  0  0  0  0  0  0  0  0  0  0\r\n    1.6008    1.8203   -0.2817 H   0  0  0  0  0  0  0  0  0  0  0  0\r\n    1.6949    1.3401    1.4301 H   0  0  0  0  0  0  0  0  0  0  0  0\r\n   -3.9080    1.5421   -0.3876 H   0  0  0  0  0  0  0  0  0  0  0  0\r\n   -2.6212    2.3685   -0.9492 H   0  0  0  0  0  0  0  0  0  0  0  0\r\n   -2.6025   -2.6477    0.4208 H   0  0  0  0  0  0  0  0  0  0  0  0\r\n    3.4065   -2.2611   -0.5818 H   0  0  0  0  0  0  0  0  0  0  0  0\r\n    4.9305   -1.4589   -0.3900 H   0  0  0  0  0  0  0  0  0  0  0  0\r\n    5.1395    0.6251    0.2127 H   0  0  0  0  0  0  0  0  0  0  0  0\r\n    3.8208    1.6857    0.5561 H   0  0  0  0  0  0  0  0  0  0  0  0\r\n  1 11  1  0  0  0  0\r\n  1 22  1  0  0  0  0\r\n  2 11  2  0  0  0  0\r\n  3  9  1  0  0  0  0\r\n  3 20  1  0  0  0  0\r\n  3 21  1  0  0  0  0\r\n  4 10  1  0  0  0  0\r\n  4 12  2  0  0  0  0\r\n  5 12  1  0  0  0  0\r\n  5 23  1  0  0  0  0\r\n  5 24  1  0  0  0  0\r\n  6 12  1  0  0  0  0\r\n  6 25  1  0  0  0  0\r\n  6 26  1  0  0  0  0\r\n  7  8  1  0  0  0  0\r\n  7  9  1  0  0  0  0\r\n  7 13  1  0  0  0  0\r\n  7 14  1  0  0  0  0\r\n  8 10  1  0  0  0  0\r\n  8 15  1  0  0  0  0\r\n  8 16  1  0  0  0  0\r\n  9 11  1  0  0  0  0\r\n  9 17  1  0  0  0  0\r\n 10 18  1  0  0  0  0\r\n 10 19  1  0  0  0  0\r\nM  END\r\n> <PUBCHEM_COMPOUND_CID>\r\n6322\r\n\r\n> <PUBCHEM_CONFORMER_RMSD>\r\n0.6\r\n\r\n> <PUBCHEM_CONFORMER_DIVERSEORDER>\r\n4\r\n72\r\n17\r\n12\r\n96\r\n27\r\n83\r\n58\r\n63\r\n38\r\n85\r\n93\r\n9\r\n33\r\n82\r\n5\r\n87\r\n52\r\n3\r\n81\r\n32\r\n55\r\n76\r\n56\r\n91\r\n70\r\n34\r\n64\r\n45\r\n89\r\n95\r\n84\r\n22\r\n41\r\n74\r\n49\r\n77\r\n61\r\n67\r\n44\r\n92\r\n24\r\n1\r\n75\r\n13\r\n6\r\n88\r\n79\r\n62\r\n25\r\n78\r\n31\r\n46\r\n90\r\n11\r\n40\r\n15\r\n53\r\n69\r\n57\r\n39\r\n47\r\n16\r\n73\r\n14\r\n86\r\n60\r\n29\r\n2\r\n59\r\n68\r\n66\r\n50\r\n23\r\n94\r\n8\r\n48\r\n80\r\n36\r\n10\r\n18\r\n21\r\n20\r\n7\r\n51\r\n30\r\n71\r\n19\r\n26\r\n43\r\n65\r\n54\r\n28\r\n42\r\n35\r\n37\r\n\r\n> <PUBCHEM_MMFF94_PARTIAL_CHARGES>\r\n17\r\n1 -0.65\r\n10 0.25\r\n11 0.66\r\n12 0.55\r\n2 -0.57\r\n20 0.36\r\n21 0.36\r\n22 0.5\r\n23 0.4\r\n24 0.4\r\n25 0.4\r\n26 0.4\r\n3 -0.99\r\n4 -0.7\r\n5 -0.85\r\n6 -0.85\r\n9 0.33\r\n\r\n> <PUBCHEM_EFFECTIVE_ROTOR_COUNT>\r\n5\r\n\r\n> <PUBCHEM_PHARMACOPHORE_FEATURES>\r\n8\r\n1 1 acceptor\r\n1 2 acceptor\r\n1 3 cation\r\n1 3 donor\r\n1 5 donor\r\n1 6 donor\r\n3 1 2 11 anion\r\n4 4 5 6 12 cation\r\n\r\n> <PUBCHEM_HEAVY_ATOM_COUNT>\r\n12\r\n\r\n> <PUBCHEM_ATOM_DEF_STEREO_COUNT>\r\n1\r\n\r\n> <PUBCHEM_ATOM_UDEF_STEREO_COUNT>\r\n0\r\n\r\n> <PUBCHEM_BOND_DEF_STEREO_COUNT>\r\n0\r\n\r\n> <PUBCHEM_BOND_UDEF_STEREO_COUNT>\r\n0\r\n\r\n> <PUBCHEM_ISOTOPIC_ATOM_COUNT>\r\n0\r\n\r\n> <PUBCHEM_COMPONENT_COUNT>\r\n1\r\n\r\n> <PUBCHEM_CACTVS_TAUTO_COUNT>\r\n2\r\n\r\n> <PUBCHEM_CONFORMER_ID>\r\n000018B200000004\r\n\r\n> <PUBCHEM_MMFF94_ENERGY>\r\n18.4327\r\n\r\n> <PUBCHEM_FEATURE_SELFOVERLAP>\r\n40.711\r\n\r\n> <PUBCHEM_SHAPE_FINGERPRINT>\r\n12162725 195 9223238446313502218\r\n124424 183 17845929645768177277\r\n12932764 1 17240472577217501004\r\n13296908 3 18411978049000373580\r\n14325111 11 18409444778510252228\r\n14577589 140 18408322164295491679\r\n17834074 16 18408322176974834030\r\n18186145 218 17822006476435071116\r\n190213 19 18113616781115697676\r\n20201158 50 18342454824669094654\r\n20279233 1 18341885290657058284\r\n20281407 28 18413106173557857224\r\n20645464 45 18131077017538680503\r\n20645477 70 17988071180765860582\r\n21293036 1 13984663676183150257\r\n22485316 2 18411696591097991602\r\n23402539 116 16370714921130949868\r\n449060 23 18041275577539281571\r\n528716 315 17022904549191671731\r\n\r\n> <PUBCHEM_SHAPE_MULTIPOLES>\r\n215.29\r\n7.45\r\n1.49\r\n0.86\r\n5.19\r\n0.34\r\n-0.02\r\n1.58\r\n-0.42\r\n-0.48\r\n0.06\r\n-0.48\r\n-0.04\r\n0.59\r\n\r\n> <PUBCHEM_SHAPE_SELFOVERLAP>\r\n408.397\r\n\r\n> <PUBCHEM_SHAPE_VOLUME>\r\n130.7\r\n\r\n> <PUBCHEM_COORDINATE_TYPE>\r\n2\r\n5\r\n10\r\n\r\n$$$$\r\n'),
(35, 'D-arginine', 'D', '71070\r\n  -OEChem-08061308073D\r\n\r\n 26 25  0     1  0  0  0  0  0999 V2000\r\n    3.4571   -0.1075    1.4468 O   0  0  0  0  0  0  0  0  0  0  0  0\r\n    2.4871    1.6621    0.4097 O   0  0  0  0  0  0  0  0  0  0  0  0\r\n    2.8861   -0.1271   -1.8595 N   0  0  0  0  0  0  0  0  0  0  0  0\r\n   -1.9733    0.2203    0.0808 N   0  0  0  0  0  0  0  0  0  0  0  0\r\n   -3.8454    1.5109   -0.3683 N   0  0  0  0  0  0  0  0  0  0  0  0\r\n   -4.2002   -0.6766    0.1646 N   0  0  0  0  0  0  0  0  0  0  0  0\r\n    0.7664   -0.6094   -0.7299 C   0  0  0  0  0  0  0  0  0  0  0  0\r\n    0.0811   -1.0106    0.5846 C   0  0  0  0  0  0  0  0  0  0  0  0\r\n    2.2952   -0.5508   -0.5924 C   0  0  2  0  0  0  0  0  0  0  0  0\r\n   -1.4360   -1.0907    0.4486 C   0  0  0  0  0  0  0  0  0  0  0  0\r\n    2.7440    0.4657    0.4413 C   0  0  0  0  0  0  0  0  0  0  0  0\r\n   -3.2622    0.3136   -0.0263 C   0  0  0  0  0  0  0  0  0  0  0  0\r\n    0.3898    0.3703   -1.0515 H   0  0  0  0  0  0  0  0  0  0  0  0\r\n    0.4946   -1.3292   -1.5126 H   0  0  0  0  0  0  0  0  0  0  0  0\r\n    0.4621   -1.9855    0.9112 H   0  0  0  0  0  0  0  0  0  0  0  0\r\n    0.3273   -0.2869    1.3705 H   0  0  0  0  0  0  0  0  0  0  0  0\r\n    2.6821   -1.5417   -0.3280 H   0  0  0  0  0  0  0  0  0  0  0  0\r\n   -1.6920   -1.8375   -0.3127 H   0  0  0  0  0  0  0  0  0  0  0  0\r\n   -1.8506   -1.4171    1.4101 H   0  0  0  0  0  0  0  0  0  0  0  0\r\n    2.6095   -0.7716   -2.5991 H   0  0  0  0  0  0  0  0  0  0  0  0\r\n    3.9023   -0.1846   -1.8004 H   0  0  0  0  0  0  0  0  0  0  0  0\r\n    3.7340    0.5508    2.1192 H   0  0  0  0  0  0  0  0  0  0  0  0\r\n   -3.2828    2.3369   -0.5414 H   0  0  0  0  0  0  0  0  0  0  0  0\r\n   -4.8512    1.6050   -0.4565 H   0  0  0  0  0  0  0  0  0  0  0  0\r\n   -5.1902   -0.4868    0.0526 H   0  0  0  0  0  0  0  0  0  0  0  0\r\n   -3.9432   -1.6236    0.4191 H   0  0  0  0  0  0  0  0  0  0  0  0\r\n  1 11  1  0  0  0  0\r\n  1 22  1  0  0  0  0\r\n  2 11  2  0  0  0  0\r\n  3  9  1  0  0  0  0\r\n  3 20  1  0  0  0  0\r\n  3 21  1  0  0  0  0\r\n  4 10  1  0  0  0  0\r\n  4 12  2  0  0  0  0\r\n  5 12  1  0  0  0  0\r\n  5 23  1  0  0  0  0\r\n  5 24  1  0  0  0  0\r\n  6 12  1  0  0  0  0\r\n  6 25  1  0  0  0  0\r\n  6 26  1  0  0  0  0\r\n  7  8  1  0  0  0  0\r\n  7  9  1  0  0  0  0\r\n  7 13  1  0  0  0  0\r\n  7 14  1  0  0  0  0\r\n  8 10  1  0  0  0  0\r\n  8 15  1  0  0  0  0\r\n  8 16  1  0  0  0  0\r\n  9 11  1  0  0  0  0\r\n  9 17  1  0  0  0  0\r\n 10 18  1  0  0  0  0\r\n 10 19  1  0  0  0  0\r\nM  END\r\n> <PUBCHEM_COMPOUND_CID>\r\n71070\r\n\r\n> <PUBCHEM_CONFORMER_RMSD>\r\n0.6\r\n\r\n> <PUBCHEM_CONFORMER_DIVERSEORDER>\r\n1\r\n81\r\n27\r\n78\r\n80\r\n16\r\n18\r\n67\r\n2\r\n92\r\n35\r\n36\r\n75\r\n88\r\n8\r\n59\r\n97\r\n89\r\n66\r\n79\r\n7\r\n69\r\n90\r\n71\r\n48\r\n76\r\n77\r\n28\r\n84\r\n85\r\n44\r\n99\r\n47\r\n65\r\n54\r\n68\r\n12\r\n87\r\n42\r\n82\r\n3\r\n23\r\n96\r\n26\r\n21\r\n74\r\n5\r\n40\r\n32\r\n58\r\n86\r\n72\r\n9\r\n13\r\n70\r\n55\r\n83\r\n11\r\n93\r\n15\r\n52\r\n91\r\n57\r\n29\r\n38\r\n17\r\n94\r\n39\r\n33\r\n56\r\n50\r\n98\r\n53\r\n14\r\n64\r\n6\r\n73\r\n10\r\n43\r\n46\r\n20\r\n45\r\n31\r\n22\r\n51\r\n60\r\n19\r\n4\r\n63\r\n24\r\n25\r\n30\r\n61\r\n41\r\n34\r\n95\r\n49\r\n62\r\n37\r\n\r\n> <PUBCHEM_MMFF94_PARTIAL_CHARGES>\r\n17\r\n1 -0.65\r\n10 0.25\r\n11 0.66\r\n12 0.55\r\n2 -0.57\r\n20 0.36\r\n21 0.36\r\n22 0.5\r\n23 0.4\r\n24 0.4\r\n25 0.4\r\n26 0.4\r\n3 -0.99\r\n4 -0.7\r\n5 -0.85\r\n6 -0.85\r\n9 0.33\r\n\r\n> <PUBCHEM_EFFECTIVE_ROTOR_COUNT>\r\n5\r\n\r\n> <PUBCHEM_PHARMACOPHORE_FEATURES>\r\n8\r\n1 1 acceptor\r\n1 2 acceptor\r\n1 3 cation\r\n1 3 donor\r\n1 5 donor\r\n1 6 donor\r\n3 1 2 11 anion\r\n4 4 5 6 12 cation\r\n\r\n> <PUBCHEM_HEAVY_ATOM_COUNT>\r\n12\r\n\r\n> <PUBCHEM_ATOM_DEF_STEREO_COUNT>\r\n1\r\n\r\n> <PUBCHEM_ATOM_UDEF_STEREO_COUNT>\r\n0\r\n\r\n> <PUBCHEM_BOND_DEF_STEREO_COUNT>\r\n0\r\n\r\n> <PUBCHEM_BOND_UDEF_STEREO_COUNT>\r\n0\r\n\r\n> <PUBCHEM_ISOTOPIC_ATOM_COUNT>\r\n0\r\n\r\n> <PUBCHEM_COMPONENT_COUNT>\r\n1\r\n\r\n> <PUBCHEM_CACTVS_TAUTO_COUNT>\r\n2\r\n\r\n> <PUBCHEM_CONFORMER_ID>\r\n0001159E00000001\r\n\r\n> <PUBCHEM_MMFF94_ENERGY>\r\n18.4621\r\n\r\n> <PUBCHEM_FEATURE_SELFOVERLAP>\r\n40.711\r\n\r\n> <PUBCHEM_SHAPE_FINGERPRINT>\r\n12932764 1 18341061773559638567\r\n14390081 3 18409731746776462755\r\n15775835 57 18040434408188994424\r\n177051 138 7853561423168125233\r\n18186145 218 17988653956119585987\r\n19107657 47 15936402338895832855\r\n20233049 118 18260556614916945996\r\n20606313 2 18060698407404737520\r\n20645477 70 16702030746379340726\r\n20671657 53 16915682297186541918\r\n212847 35 18113901515851390061\r\n22485316 2 9295290534255948433\r\n230 275 18202566176770686466\r\n23048698 100 15646774509034444647\r\n23380061 81 16443071581925470318\r\n23402539 116 18272072903489217575\r\n23557571 272 18272385156882092637\r\n3248919 1 16845580806937609171\r\n449060 23 11167940260293598731\r\n53428517 58 17417811776837497527\r\n\r\n> <PUBCHEM_SHAPE_MULTIPOLES>\r\n215.29\r\n7.54\r\n1.26\r\n1.14\r\n4.92\r\n0.34\r\n0.25\r\n1.88\r\n-0.16\r\n0.38\r\n-0.12\r\n-1.39\r\n-0.06\r\n0.48\r\n\r\n> <PUBCHEM_SHAPE_SELFOVERLAP>\r\n407.16\r\n\r\n> <PUBCHEM_SHAPE_VOLUME>\r\n131.4\r\n\r\n> <PUBCHEM_COORDINATE_TYPE>\r\n2\r\n5\r\n10\r\n\r\n$$$$\r\n'),
(36, 'L-methionine', 'L', '6137\r\n  -OEChem-08061308083D\r\n\r\n 20 19  0     1  0  0  0  0  0999 V2000\r\n    2.2858    0.9701    0.2797 S   0  0  0  0  0  0  0  0  0  0  0  0\r\n   -1.1607    1.6402    0.6921 O   0  0  0  0  0  0  0  0  0  0  0  0\r\n   -2.5905    0.3693   -0.5240 O   0  0  0  0  0  0  0  0  0  0  0  0\r\n   -1.3628   -1.8775    0.4986 N   0  0  0  0  0  0  0  0  0  0  0  0\r\n    0.4156   -0.8111   -0.8013 C   0  0  0  0  0  0  0  0  0  0  0  0\r\n   -0.5662   -0.6533    0.3686 C   0  0  1  0  0  0  0  0  0  0  0  0\r\n    1.2656    0.4223   -1.1208 C   0  0  0  0  0  0  0  0  0  0  0  0\r\n   -1.5486    0.4754    0.1110 C   0  0  0  0  0  0  0  0  0  0  0  0\r\n    3.2617   -0.5355    0.4960 C   0  0  0  0  0  0  0  0  0  0  0  0\r\n    1.0596   -1.6832   -0.6351 H   0  0  0  0  0  0  0  0  0  0  0  0\r\n   -0.1540   -1.0435   -1.7128 H   0  0  0  0  0  0  0  0  0  0  0  0\r\n   -0.0512   -0.4839    1.3194 H   0  0  0  0  0  0  0  0  0  0  0  0\r\n    0.6282    1.2591   -1.4238 H   0  0  0  0  0  0  0  0  0  0  0  0\r\n    1.9239    0.2090   -1.9700 H   0  0  0  0  0  0  0  0  0  0  0  0\r\n   -1.9632   -1.8082    1.3197 H   0  0  0  0  0  0  0  0  0  0  0  0\r\n   -0.7442   -2.6701    0.6669 H   0  0  0  0  0  0  0  0  0  0  0  0\r\n    2.6638   -1.3256    0.9562 H   0  0  0  0  0  0  0  0  0  0  0  0\r\n    4.0990   -0.3183    1.1653 H   0  0  0  0  0  0  0  0  0  0  0  0\r\n    3.6690   -0.8794   -0.4583 H   0  0  0  0  0  0  0  0  0  0  0  0\r\n   -1.8051    2.3619    0.5302 H   0  0  0  0  0  0  0  0  0  0  0  0\r\n  1  7  1  0  0  0  0\r\n  1  9  1  0  0  0  0\r\n  2  8  1  0  0  0  0\r\n  2 20  1  0  0  0  0\r\n  3  8  2  0  0  0  0\r\n  4  6  1  0  0  0  0\r\n  4 15  1  0  0  0  0\r\n  4 16  1  0  0  0  0\r\n  5  6  1  0  0  0  0\r\n  5  7  1  0  0  0  0\r\n  5 10  1  0  0  0  0\r\n  5 11  1  0  0  0  0\r\n  6  8  1  0  0  0  0\r\n  6 12  1  0  0  0  0\r\n  7 13  1  0  0  0  0\r\n  7 14  1  0  0  0  0\r\n  9 17  1  0  0  0  0\r\n  9 18  1  0  0  0  0\r\n  9 19  1  0  0  0  0\r\nM  END\r\n> <PUBCHEM_COMPOUND_CID>\r\n6137\r\n\r\n> <PUBCHEM_CONFORMER_RMSD>\r\n0.6\r\n\r\n> <PUBCHEM_CONFORMER_DIVERSEORDER>\r\n14\r\n28\r\n30\r\n27\r\n29\r\n19\r\n23\r\n36\r\n2\r\n32\r\n35\r\n26\r\n15\r\n6\r\n31\r\n11\r\n13\r\n4\r\n22\r\n24\r\n10\r\n25\r\n34\r\n21\r\n9\r\n33\r\n1\r\n12\r\n3\r\n8\r\n20\r\n7\r\n18\r\n16\r\n17\r\n5\r\n\r\n> <PUBCHEM_MMFF94_PARTIAL_CHARGES>\r\n11\r\n1 -0.46\r\n15 0.36\r\n16 0.36\r\n2 -0.65\r\n20 0.5\r\n3 -0.57\r\n4 -0.99\r\n6 0.33\r\n7 0.23\r\n8 0.66\r\n9 0.23\r\n\r\n> <PUBCHEM_EFFECTIVE_ROTOR_COUNT>\r\n4\r\n\r\n> <PUBCHEM_PHARMACOPHORE_FEATURES>\r\n6\r\n1 2 acceptor\r\n1 3 acceptor\r\n1 4 cation\r\n1 4 donor\r\n1 9 hydrophobe\r\n3 2 3 8 anion\r\n\r\n> <PUBCHEM_HEAVY_ATOM_COUNT>\r\n9\r\n\r\n> <PUBCHEM_ATOM_DEF_STEREO_COUNT>\r\n1\r\n\r\n> <PUBCHEM_ATOM_UDEF_STEREO_COUNT>\r\n0\r\n\r\n> <PUBCHEM_BOND_DEF_STEREO_COUNT>\r\n0\r\n\r\n> <PUBCHEM_BOND_UDEF_STEREO_COUNT>\r\n0\r\n\r\n> <PUBCHEM_ISOTOPIC_ATOM_COUNT>\r\n0\r\n\r\n> <PUBCHEM_COMPONENT_COUNT>\r\n1\r\n\r\n> <PUBCHEM_CACTVS_TAUTO_COUNT>\r\n1\r\n\r\n> <PUBCHEM_CONFORMER_ID>\r\n000017F90000000E\r\n\r\n> <PUBCHEM_MMFF94_ENERGY>\r\n8.7079\r\n\r\n> <PUBCHEM_FEATURE_SELFOVERLAP>\r\n30.505\r\n\r\n> <PUBCHEM_SHAPE_FINGERPRINT>\r\n17834069 15 18120369857274793272\r\n18342897 137 18335139769783610766\r\n20651381 17 18201147780747844020\r\n207724 885 17967536727354142172\r\n21040471 1 18265071166246444141\r\n21922407 69 17025456648855433100\r\n23552423 10 17896606274336756118\r\n24536 1 18268454415017271780\r\n29004967 10 11239987966973907247\r\n369184 2 18337107964015736480\r\n5084963 1 18186804668695947964\r\n\r\n> <PUBCHEM_SHAPE_MULTIPOLES>\r\n172.35\r\n3.95\r\n1.5\r\n0.97\r\n1.84\r\n0.14\r\n0.18\r\n-0.17\r\n-0.54\r\n-0.46\r\n-0.31\r\n0.19\r\n-0.02\r\n-0.01\r\n\r\n> <PUBCHEM_SHAPE_SELFOVERLAP>\r\n304.509\r\n\r\n> <PUBCHEM_SHAPE_VOLUME>\r\n113.8\r\n\r\n> <PUBCHEM_COORDINATE_TYPE>\r\n2\r\n5\r\n10\r\n\r\n$$$$\r\n');
INSERT INTO `databaseInput_substrate` (`id`, `name`, `chirality`, `structure`) VALUES
(37, 'D-methionine', 'D', '84815\r\n  -OEChem-08061308093D\r\n\r\n 20 19  0     1  0  0  0  0  0999 V2000\r\n   -2.3216   -0.9566   -0.3220 S   0  0  0  0  0  0  0  0  0  0  0  0\r\n    1.1990   -1.6377   -0.6749 O   0  0  0  0  0  0  0  0  0  0  0  0\r\n    2.6174   -0.3325    0.5181 O   0  0  0  0  0  0  0  0  0  0  0  0\r\n    1.3332    1.8951   -0.4765 N   0  0  0  0  0  0  0  0  0  0  0  0\r\n   -0.4200    0.7632    0.8024 C   0  0  0  0  0  0  0  0  0  0  0  0\r\n    0.5692    0.6484   -0.3663 C   0  0  2  0  0  0  0  0  0  0  0  0\r\n   -1.2637   -0.4848    1.0782 C   0  0  0  0  0  0  0  0  0  0  0  0\r\n    1.5805   -0.4573   -0.1216 C   0  0  0  0  0  0  0  0  0  0  0  0\r\n   -3.2941    0.5622   -0.4374 C   0  0  0  0  0  0  0  0  0  0  0  0\r\n    0.1442    0.9659    1.7245 H   0  0  0  0  0  0  0  0  0  0  0  0\r\n   -1.0662    1.6382    0.6645 H   0  0  0  0  0  0  0  0  0  0  0  0\r\n    0.0681    0.4775   -1.3238 H   0  0  0  0  0  0  0  0  0  0  0  0\r\n   -1.9025   -0.3126    1.9513 H   0  0  0  0  0  0  0  0  0  0  0  0\r\n   -0.6237   -1.3374    1.3259 H   0  0  0  0  0  0  0  0  0  0  0  0\r\n    1.7815    2.1078    0.4146 H   0  0  0  0  0  0  0  0  0  0  0  0\r\n    0.6941    2.6688   -0.6567 H   0  0  0  0  0  0  0  0  0  0  0  0\r\n   -3.6667    0.8659    0.5444 H   0  0  0  0  0  0  0  0  0  0  0  0\r\n   -4.1551    0.3793   -1.0866 H   0  0  0  0  0  0  0  0  0  0  0  0\r\n   -2.7070    1.3686   -0.8832 H   0  0  0  0  0  0  0  0  0  0  0  0\r\n    1.8504   -2.3503   -0.5013 H   0  0  0  0  0  0  0  0  0  0  0  0\r\n  1  7  1  0  0  0  0\r\n  1  9  1  0  0  0  0\r\n  2  8  1  0  0  0  0\r\n  2 20  1  0  0  0  0\r\n  3  8  2  0  0  0  0\r\n  4  6  1  0  0  0  0\r\n  4 15  1  0  0  0  0\r\n  4 16  1  0  0  0  0\r\n  5  6  1  0  0  0  0\r\n  5  7  1  0  0  0  0\r\n  5 10  1  0  0  0  0\r\n  5 11  1  0  0  0  0\r\n  6  8  1  0  0  0  0\r\n  6 12  1  0  0  0  0\r\n  7 13  1  0  0  0  0\r\n  7 14  1  0  0  0  0\r\n  9 17  1  0  0  0  0\r\n  9 18  1  0  0  0  0\r\n  9 19  1  0  0  0  0\r\nM  END\r\n> <PUBCHEM_COMPOUND_CID>\r\n84815\r\n\r\n> <PUBCHEM_CONFORMER_RMSD>\r\n0.6\r\n\r\n> <PUBCHEM_CONFORMER_DIVERSEORDER>\r\n1\r\n29\r\n25\r\n26\r\n15\r\n33\r\n6\r\n34\r\n10\r\n35\r\n31\r\n17\r\n32\r\n19\r\n14\r\n28\r\n24\r\n16\r\n2\r\n11\r\n5\r\n30\r\n3\r\n22\r\n23\r\n36\r\n13\r\n9\r\n27\r\n4\r\n7\r\n20\r\n18\r\n21\r\n12\r\n8\r\n\r\n> <PUBCHEM_MMFF94_PARTIAL_CHARGES>\r\n11\r\n1 -0.46\r\n15 0.36\r\n16 0.36\r\n2 -0.65\r\n20 0.5\r\n3 -0.57\r\n4 -0.99\r\n6 0.33\r\n7 0.23\r\n8 0.66\r\n9 0.23\r\n\r\n> <PUBCHEM_EFFECTIVE_ROTOR_COUNT>\r\n4\r\n\r\n> <PUBCHEM_PHARMACOPHORE_FEATURES>\r\n6\r\n1 2 acceptor\r\n1 3 acceptor\r\n1 4 cation\r\n1 4 donor\r\n1 9 hydrophobe\r\n3 2 3 8 anion\r\n\r\n> <PUBCHEM_HEAVY_ATOM_COUNT>\r\n9\r\n\r\n> <PUBCHEM_ATOM_DEF_STEREO_COUNT>\r\n1\r\n\r\n> <PUBCHEM_ATOM_UDEF_STEREO_COUNT>\r\n0\r\n\r\n> <PUBCHEM_BOND_DEF_STEREO_COUNT>\r\n0\r\n\r\n> <PUBCHEM_BOND_UDEF_STEREO_COUNT>\r\n0\r\n\r\n> <PUBCHEM_ISOTOPIC_ATOM_COUNT>\r\n0\r\n\r\n> <PUBCHEM_COMPONENT_COUNT>\r\n1\r\n\r\n> <PUBCHEM_CACTVS_TAUTO_COUNT>\r\n1\r\n\r\n> <PUBCHEM_CONFORMER_ID>\r\n00014B4F00000001\r\n\r\n> <PUBCHEM_MMFF94_ENERGY>\r\n9.058\r\n\r\n> <PUBCHEM_FEATURE_SELFOVERLAP>\r\n30.505\r\n\r\n> <PUBCHEM_SHAPE_FINGERPRINT>\r\n10857977 72 12607393387060670947\r\n11062470 55 18411975849649999065\r\n12897270 3 18122065561844846013\r\n15310529 11 18267024045401015967\r\n18185500 45 18060145365967235111\r\n20201158 50 18410852140429905839\r\n20211469 26 17987793008518993986\r\n20651381 22 13973672949514941235\r\n20653085 51 18259990353670313769\r\n23235687 12 18334852853114627551\r\n23552423 10 18411704296380337227\r\n29004967 10 18411422803849061746\r\n\r\n> <PUBCHEM_SHAPE_MULTIPOLES>\r\n172.35\r\n4.03\r\n1.5\r\n0.95\r\n1.9\r\n0.16\r\n-0.17\r\n-0.15\r\n0.52\r\n-0.44\r\n0.31\r\n0.17\r\n-0.03\r\n0.01\r\n\r\n> <PUBCHEM_SHAPE_SELFOVERLAP>\r\n304.442\r\n\r\n> <PUBCHEM_SHAPE_VOLUME>\r\n113.8\r\n\r\n> <PUBCHEM_COORDINATE_TYPE>\r\n2\r\n5\r\n10\r\n\r\n$$$$\r\n'),
(38, 'L-cysteine', 'L', '5862\r\n  -OEChem-08061308103D\r\n\r\n 14 13  0     1  0  0  0  0  0999 V2000\r\n    2.2268    1.1231    0.0436 S   0  0  0  0  0  0  0  0  0  0  0  0\r\n   -1.3649    1.1718    0.9125 O   0  0  0  0  0  0  0  0  0  0  0  0\r\n   -1.1766    0.4956   -1.2446 O   0  0  0  0  0  0  0  0  0  0  0  0\r\n   -0.4351   -1.9834    0.1592 N   0  0  0  0  0  0  0  0  0  0  0  0\r\n    0.1262   -0.6592    0.4341 C   0  0  1  0  0  0  0  0  0  0  0  0\r\n    1.4925   -0.5194   -0.2399 C   0  0  0  0  0  0  0  0  0  0  0  0\r\n   -0.8690    0.3716   -0.0649 C   0  0  0  0  0  0  0  0  0  0  0  0\r\n    0.2375   -0.5515    1.5201 H   0  0  0  0  0  0  0  0  0  0  0  0\r\n    2.1890   -1.2704    0.1485 H   0  0  0  0  0  0  0  0  0  0  0  0\r\n    1.4157   -0.6634   -1.3235 H   0  0  0  0  0  0  0  0  0  0  0  0\r\n   -1.2936   -2.1083    0.6947 H   0  0  0  0  0  0  0  0  0  0  0  0\r\n    0.2095   -2.7023    0.4860 H   0  0  0  0  0  0  0  0  0  0  0  0\r\n    1.3385    1.8238   -0.6762 H   0  0  0  0  0  0  0  0  0  0  0  0\r\n   -1.9919    1.8374    0.5574 H   0  0  0  0  0  0  0  0  0  0  0  0\r\n  1  6  1  0  0  0  0\r\n  1 13  1  0  0  0  0\r\n  2  7  1  0  0  0  0\r\n  2 14  1  0  0  0  0\r\n  3  7  2  0  0  0  0\r\n  4  5  1  0  0  0  0\r\n  4 11  1  0  0  0  0\r\n  4 12  1  0  0  0  0\r\n  5  6  1  0  0  0  0\r\n  5  7  1  0  0  0  0\r\n  5  8  1  0  0  0  0\r\n  6  9  1  0  0  0  0\r\n  6 10  1  0  0  0  0\r\nM  END\r\n> <PUBCHEM_COMPOUND_CID>\r\n5862\r\n\r\n> <PUBCHEM_CONFORMER_RMSD>\r\n0.4\r\n\r\n> <PUBCHEM_CONFORMER_DIVERSEORDER>\r\n1\r\n7\r\n3\r\n6\r\n4\r\n8\r\n5\r\n9\r\n2\r\n\r\n> <PUBCHEM_MMFF94_PARTIAL_CHARGES>\r\n11\r\n1 -0.41\r\n11 0.36\r\n12 0.36\r\n13 0.18\r\n14 0.5\r\n2 -0.65\r\n3 -0.57\r\n4 -0.99\r\n5 0.33\r\n6 0.23\r\n7 0.66\r\n\r\n> <PUBCHEM_EFFECTIVE_ROTOR_COUNT>\r\n2\r\n\r\n> <PUBCHEM_PHARMACOPHORE_FEATURES>\r\n5\r\n1 2 acceptor\r\n1 3 acceptor\r\n1 4 cation\r\n1 4 donor\r\n3 2 3 7 anion\r\n\r\n> <PUBCHEM_HEAVY_ATOM_COUNT>\r\n7\r\n\r\n> <PUBCHEM_ATOM_DEF_STEREO_COUNT>\r\n1\r\n\r\n> <PUBCHEM_ATOM_UDEF_STEREO_COUNT>\r\n0\r\n\r\n> <PUBCHEM_BOND_DEF_STEREO_COUNT>\r\n0\r\n\r\n> <PUBCHEM_BOND_UDEF_STEREO_COUNT>\r\n0\r\n\r\n> <PUBCHEM_ISOTOPIC_ATOM_COUNT>\r\n0\r\n\r\n> <PUBCHEM_COMPONENT_COUNT>\r\n1\r\n\r\n> <PUBCHEM_CACTVS_TAUTO_COUNT>\r\n1\r\n\r\n> <PUBCHEM_CONFORMER_ID>\r\n000016E600000001\r\n\r\n> <PUBCHEM_MMFF94_ENERGY>\r\n6.3598\r\n\r\n> <PUBCHEM_FEATURE_SELFOVERLAP>\r\n25.43\r\n\r\n> <PUBCHEM_SHAPE_FINGERPRINT>\r\n20096714 4 18269280071109144560\r\n21040471 1 18410018723511379512\r\n23552449 1 18052253191941322440\r\n24536 1 18271805752613586920\r\n29004967 10 17326342021416917915\r\n5084963 1 17749401321021289146\r\n5943 1 12354312687961778279\r\n\r\n> <PUBCHEM_SHAPE_MULTIPOLES>\r\n131.19\r\n2.36\r\n1.58\r\n0.9\r\n1.69\r\n0.47\r\n0.12\r\n-0.75\r\n0.04\r\n-0.42\r\n-0.19\r\n-0.26\r\n-0.23\r\n0.03\r\n\r\n> <PUBCHEM_SHAPE_SELFOVERLAP>\r\n231.349\r\n\r\n> <PUBCHEM_SHAPE_VOLUME>\r\n87.4\r\n\r\n> <PUBCHEM_COORDINATE_TYPE>\r\n2\r\n5\r\n10\r\n\r\n$$$$\r\n'),
(39, 'D-cysteine', 'D', '92851\r\n  -OEChem-08061308123D\r\n\r\n 14 13  0     1  0  0  0  0  0999 V2000\r\n    2.2488   -1.1212    0.0662 S   0  0  0  0  0  0  0  0  0  0  0  0\r\n   -1.4126   -1.1327    0.9166 O   0  0  0  0  0  0  0  0  0  0  0  0\r\n   -1.1759   -0.5002   -1.2489 O   0  0  0  0  0  0  0  0  0  0  0  0\r\n   -0.4262    1.9752    0.1568 N   0  0  0  0  0  0  0  0  0  0  0  0\r\n    0.1333    0.6496    0.4283 C   0  0  2  0  0  0  0  0  0  0  0  0\r\n    1.4976    0.5080   -0.2492 C   0  0  0  0  0  0  0  0  0  0  0  0\r\n   -0.8651   -0.3786   -0.0698 C   0  0  0  0  0  0  0  0  0  0  0  0\r\n    0.2408    0.5415    1.5142 H   0  0  0  0  0  0  0  0  0  0  0  0\r\n    1.4127    0.6233   -1.3357 H   0  0  0  0  0  0  0  0  0  0  0  0\r\n    2.1907    1.2742    0.1150 H   0  0  0  0  0  0  0  0  0  0  0  0\r\n   -0.4874    2.1242   -0.8503 H   0  0  0  0  0  0  0  0  0  0  0  0\r\n    0.2123    2.6904    0.5038 H   0  0  0  0  0  0  0  0  0  0  0  0\r\n    2.3242   -1.0006    1.3997 H   0  0  0  0  0  0  0  0  0  0  0  0\r\n   -2.0645   -1.7765    0.5660 H   0  0  0  0  0  0  0  0  0  0  0  0\r\n  1  6  1  0  0  0  0\r\n  1 13  1  0  0  0  0\r\n  2  7  1  0  0  0  0\r\n  2 14  1  0  0  0  0\r\n  3  7  2  0  0  0  0\r\n  4  5  1  0  0  0  0\r\n  4 11  1  0  0  0  0\r\n  4 12  1  0  0  0  0\r\n  5  6  1  0  0  0  0\r\n  5  7  1  0  0  0  0\r\n  5  8  1  0  0  0  0\r\n  6  9  1  0  0  0  0\r\n  6 10  1  0  0  0  0\r\nM  END\r\n> <PUBCHEM_COMPOUND_CID>\r\n92851\r\n\r\n> <PUBCHEM_CONFORMER_RMSD>\r\n0.4\r\n\r\n> <PUBCHEM_CONFORMER_DIVERSEORDER>\r\n1\r\n8\r\n3\r\n5\r\n4\r\n7\r\n6\r\n9\r\n2\r\n\r\n> <PUBCHEM_MMFF94_PARTIAL_CHARGES>\r\n11\r\n1 -0.41\r\n11 0.36\r\n12 0.36\r\n13 0.18\r\n14 0.5\r\n2 -0.65\r\n3 -0.57\r\n4 -0.99\r\n5 0.33\r\n6 0.23\r\n7 0.66\r\n\r\n> <PUBCHEM_EFFECTIVE_ROTOR_COUNT>\r\n2\r\n\r\n> <PUBCHEM_PHARMACOPHORE_FEATURES>\r\n5\r\n1 2 acceptor\r\n1 3 acceptor\r\n1 4 cation\r\n1 4 donor\r\n3 2 3 7 anion\r\n\r\n> <PUBCHEM_HEAVY_ATOM_COUNT>\r\n7\r\n\r\n> <PUBCHEM_ATOM_DEF_STEREO_COUNT>\r\n1\r\n\r\n> <PUBCHEM_ATOM_UDEF_STEREO_COUNT>\r\n0\r\n\r\n> <PUBCHEM_BOND_DEF_STEREO_COUNT>\r\n0\r\n\r\n> <PUBCHEM_BOND_UDEF_STEREO_COUNT>\r\n0\r\n\r\n> <PUBCHEM_ISOTOPIC_ATOM_COUNT>\r\n0\r\n\r\n> <PUBCHEM_COMPONENT_COUNT>\r\n1\r\n\r\n> <PUBCHEM_CACTVS_TAUTO_COUNT>\r\n1\r\n\r\n> <PUBCHEM_CONFORMER_ID>\r\n00016AB300000001\r\n\r\n> <PUBCHEM_MMFF94_ENERGY>\r\n6.5266\r\n\r\n> <PUBCHEM_FEATURE_SELFOVERLAP>\r\n25.43\r\n\r\n> <PUBCHEM_SHAPE_FINGERPRINT>\r\n137420 1 15968409049070633488\r\n139733 1 8502382130585015634\r\n18185500 45 18058441187468853806\r\n21040471 1 17691411810936495560\r\n23552333 60 16983483964986147863\r\n24536 1 18260544507261388642\r\n29004967 10 18265337394173611096\r\n5943 1 17201082744908601253\r\n\r\n> <PUBCHEM_SHAPE_MULTIPOLES>\r\n131.19\r\n2.39\r\n1.57\r\n0.9\r\n1.69\r\n0.48\r\n-0.12\r\n-0.8\r\n-0.02\r\n-0.4\r\n0.18\r\n-0.27\r\n-0.22\r\n-0.03\r\n\r\n> <PUBCHEM_SHAPE_SELFOVERLAP>\r\n231.285\r\n\r\n> <PUBCHEM_SHAPE_VOLUME>\r\n87.5\r\n\r\n> <PUBCHEM_COORDINATE_TYPE>\r\n2\r\n5\r\n10\r\n\r\n$$$$\r\n'),
(40, 'L-proline', 'L', '145742\r\n  -OEChem-08061308173D\r\n\r\n 17 17  0     1  0  0  0  0  0999 V2000\r\n    2.1617   -0.9509   -0.1119 O   0  0  0  0  0  0  0  0  0  0  0  0\r\n    1.5688    1.2164   -0.4953 O   0  0  0  0  0  0  0  0  0  0  0  0\r\n   -0.7807    0.9314    0.7770 N   0  0  0  0  0  0  0  0  0  0  0  0\r\n    0.0834   -0.2476    0.7251 C   0  0  1  0  0  0  0  0  0  0  0  0\r\n   -0.7235   -1.3171   -0.0031 C   0  0  0  0  0  0  0  0  0  0  0  0\r\n   -1.9888   -0.6106   -0.4752 C   0  0  0  0  0  0  0  0  0  0  0  0\r\n   -1.6499    0.8635   -0.3933 C   0  0  0  0  0  0  0  0  0  0  0  0\r\n    1.3289    0.1149   -0.0235 C   0  0  0  0  0  0  0  0  0  0  0  0\r\n    0.3625   -0.5522    1.7389 H   0  0  0  0  0  0  0  0  0  0  0  0\r\n   -0.9873   -2.1429    0.6671 H   0  0  0  0  0  0  0  0  0  0  0  0\r\n   -0.1919   -1.7411   -0.8624 H   0  0  0  0  0  0  0  0  0  0  0  0\r\n   -2.2798   -0.9157   -1.4848 H   0  0  0  0  0  0  0  0  0  0  0  0\r\n   -2.8187   -0.8485    0.2018 H   0  0  0  0  0  0  0  0  0  0  0  0\r\n   -1.1204    1.1932   -1.2945 H   0  0  0  0  0  0  0  0  0  0  0  0\r\n   -2.5424    1.4831   -0.2694 H   0  0  0  0  0  0  0  0  0  0  0  0\r\n   -0.2509    1.8003    0.8023 H   0  0  0  0  0  0  0  0  0  0  0  0\r\n    2.9837   -0.7341   -0.6014 H   0  0  0  0  0  0  0  0  0  0  0  0\r\n  1  8  1  0  0  0  0\r\n  1 17  1  0  0  0  0\r\n  2  8  2  0  0  0  0\r\n  3  4  1  0  0  0  0\r\n  3  7  1  0  0  0  0\r\n  3 16  1  0  0  0  0\r\n  4  5  1  0  0  0  0\r\n  4  8  1  0  0  0  0\r\n  4  9  1  0  0  0  0\r\n  5  6  1  0  0  0  0\r\n  5 10  1  0  0  0  0\r\n  5 11  1  0  0  0  0\r\n  6  7  1  0  0  0  0\r\n  6 12  1  0  0  0  0\r\n  6 13  1  0  0  0  0\r\n  7 14  1  0  0  0  0\r\n  7 15  1  0  0  0  0\r\nM  END\r\n> <PUBCHEM_COMPOUND_CID>\r\n145742\r\n\r\n> <PUBCHEM_CONFORMER_RMSD>\r\n0.4\r\n\r\n> <PUBCHEM_CONFORMER_DIVERSEORDER>\r\n1\r\n3\r\n4\r\n2\r\n\r\n> <PUBCHEM_MMFF94_PARTIAL_CHARGES>\r\n8\r\n1 -0.65\r\n16 0.36\r\n17 0.5\r\n2 -0.57\r\n3 -0.9\r\n4 0.33\r\n7 0.27\r\n8 0.66\r\n\r\n> <PUBCHEM_EFFECTIVE_ROTOR_COUNT>\r\n2\r\n\r\n> <PUBCHEM_PHARMACOPHORE_FEATURES>\r\n6\r\n1 1 acceptor\r\n1 2 acceptor\r\n1 3 cation\r\n1 3 donor\r\n3 1 2 8 anion\r\n5 3 4 5 6 7 rings\r\n\r\n> <PUBCHEM_HEAVY_ATOM_COUNT>\r\n8\r\n\r\n> <PUBCHEM_ATOM_DEF_STEREO_COUNT>\r\n1\r\n\r\n> <PUBCHEM_ATOM_UDEF_STEREO_COUNT>\r\n0\r\n\r\n> <PUBCHEM_BOND_DEF_STEREO_COUNT>\r\n0\r\n\r\n> <PUBCHEM_BOND_UDEF_STEREO_COUNT>\r\n0\r\n\r\n> <PUBCHEM_ISOTOPIC_ATOM_COUNT>\r\n0\r\n\r\n> <PUBCHEM_COMPONENT_COUNT>\r\n1\r\n\r\n> <PUBCHEM_CACTVS_TAUTO_COUNT>\r\n1\r\n\r\n> <PUBCHEM_CONFORMER_ID>\r\n0002394E00000001\r\n\r\n> <PUBCHEM_MMFF94_ENERGY>\r\n6.2424\r\n\r\n> <PUBCHEM_FEATURE_SELFOVERLAP>\r\n30.502\r\n\r\n> <PUBCHEM_SHAPE_FINGERPRINT>\r\n12897270 3 18193557997957459956\r\n137420 1 8921595011813361833\r\n16714656 1 18411980295268301895\r\n18185500 45 18338511928700687402\r\n20096714 4 18186800253443141793\r\n21040471 1 18268420257358618345\r\n23552423 10 18408319990646790694\r\n24536 1 18336539507951190946\r\n29004967 10 14189569754067799747\r\n369184 2 14764342687340111614\r\n5084963 1 18409164385622551131\r\n\r\n> <PUBCHEM_SHAPE_MULTIPOLES>\r\n147.92\r\n2.59\r\n1.31\r\n0.79\r\n0.44\r\n0.03\r\n-0.08\r\n0.1\r\n0.55\r\n-0.04\r\n0.07\r\n-0.08\r\n-0.07\r\n-0.12\r\n\r\n> <PUBCHEM_SHAPE_SELFOVERLAP>\r\n294.274\r\n\r\n> <PUBCHEM_SHAPE_VOLUME>\r\n89\r\n\r\n> <PUBCHEM_COORDINATE_TYPE>\r\n2\r\n5\r\n10\r\n\r\n$$$$\r\n'),
(41, 'D-proline', 'D', '8988\r\n  -OEChem-08061308183D\r\n\r\n 17 17  0     1  0  0  0  0  0999 V2000\r\n   -2.2137    0.9467   -0.1657 O   0  0  0  0  0  0  0  0  0  0  0  0\r\n   -1.7225   -1.1368    0.6178 O   0  0  0  0  0  0  0  0  0  0  0  0\r\n    0.7304   -1.0853   -0.3656 N   0  0  0  0  0  0  0  0  0  0  0  0\r\n   -0.0723    0.1103   -0.6221 C   0  0  2  0  0  0  0  0  0  0  0  0\r\n    0.6784    1.2753    0.0144 C   0  0  0  0  0  0  0  0  0  0  0  0\r\n    1.9016    0.6393    0.6567 C   0  0  0  0  0  0  0  0  0  0  0  0\r\n    2.0995   -0.6264   -0.1511 C   0  0  0  0  0  0  0  0  0  0  0  0\r\n   -1.4014   -0.1231    0.0156 C   0  0  0  0  0  0  0  0  0  0  0  0\r\n   -0.2073    0.2589   -1.6993 H   0  0  0  0  0  0  0  0  0  0  0  0\r\n    0.1012    1.8406    0.7533 H   0  0  0  0  0  0  0  0  0  0  0  0\r\n    1.0021    1.9733   -0.7671 H   0  0  0  0  0  0  0  0  0  0  0  0\r\n    2.7748    1.2975    0.6281 H   0  0  0  0  0  0  0  0  0  0  0  0\r\n    1.6897    0.3957    1.7051 H   0  0  0  0  0  0  0  0  0  0  0  0\r\n    2.5862   -0.4082   -1.1089 H   0  0  0  0  0  0  0  0  0  0  0  0\r\n    2.6954   -1.3695    0.3857 H   0  0  0  0  0  0  0  0  0  0  0  0\r\n    0.6799   -1.7365   -1.1469 H   0  0  0  0  0  0  0  0  0  0  0  0\r\n   -3.0938    0.8126    0.2463 H   0  0  0  0  0  0  0  0  0  0  0  0\r\n  1  8  1  0  0  0  0\r\n  1 17  1  0  0  0  0\r\n  2  8  2  0  0  0  0\r\n  3  4  1  0  0  0  0\r\n  3  7  1  0  0  0  0\r\n  3 16  1  0  0  0  0\r\n  4  5  1  0  0  0  0\r\n  4  8  1  0  0  0  0\r\n  4  9  1  0  0  0  0\r\n  5  6  1  0  0  0  0\r\n  5 10  1  0  0  0  0\r\n  5 11  1  0  0  0  0\r\n  6  7  1  0  0  0  0\r\n  6 12  1  0  0  0  0\r\n  6 13  1  0  0  0  0\r\n  7 14  1  0  0  0  0\r\n  7 15  1  0  0  0  0\r\nM  END\r\n> <PUBCHEM_COMPOUND_CID>\r\n8988\r\n\r\n> <PUBCHEM_CONFORMER_RMSD>\r\n0.4\r\n\r\n> <PUBCHEM_CONFORMER_DIVERSEORDER>\r\n1\r\n4\r\n5\r\n3\r\n2\r\n\r\n> <PUBCHEM_MMFF94_PARTIAL_CHARGES>\r\n8\r\n1 -0.65\r\n16 0.36\r\n17 0.5\r\n2 -0.57\r\n3 -0.9\r\n4 0.33\r\n7 0.27\r\n8 0.66\r\n\r\n> <PUBCHEM_EFFECTIVE_ROTOR_COUNT>\r\n2\r\n\r\n> <PUBCHEM_PHARMACOPHORE_FEATURES>\r\n6\r\n1 1 acceptor\r\n1 2 acceptor\r\n1 3 cation\r\n1 3 donor\r\n3 1 2 8 anion\r\n5 3 4 5 6 7 rings\r\n\r\n> <PUBCHEM_HEAVY_ATOM_COUNT>\r\n8\r\n\r\n> <PUBCHEM_ATOM_DEF_STEREO_COUNT>\r\n1\r\n\r\n> <PUBCHEM_ATOM_UDEF_STEREO_COUNT>\r\n0\r\n\r\n> <PUBCHEM_BOND_DEF_STEREO_COUNT>\r\n0\r\n\r\n> <PUBCHEM_BOND_UDEF_STEREO_COUNT>\r\n0\r\n\r\n> <PUBCHEM_ISOTOPIC_ATOM_COUNT>\r\n0\r\n\r\n> <PUBCHEM_COMPONENT_COUNT>\r\n1\r\n\r\n> <PUBCHEM_CACTVS_TAUTO_COUNT>\r\n1\r\n\r\n> <PUBCHEM_CONFORMER_ID>\r\n0000231C00000001\r\n\r\n> <PUBCHEM_MMFF94_ENERGY>\r\n5.3688\r\n\r\n> <PUBCHEM_FEATURE_SELFOVERLAP>\r\n30.502\r\n\r\n> <PUBCHEM_SHAPE_FINGERPRINT>\r\n10857977 72 18335975480092840840\r\n20096714 4 18059851822174406292\r\n21040471 1 18270677700817365756\r\n23552423 10 18113623378259395166\r\n24536 1 18261384602548072693\r\n29004967 10 18412265034335638138\r\n5084963 1 17845936367354760394\r\n\r\n> <PUBCHEM_SHAPE_MULTIPOLES>\r\n147.92\r\n2.86\r\n1.26\r\n0.75\r\n0.39\r\n0.06\r\n-0.02\r\n-0.01\r\n-0.35\r\n-0.03\r\n-0.04\r\n-0.04\r\n-0.02\r\n0.32\r\n\r\n> <PUBCHEM_SHAPE_SELFOVERLAP>\r\n294.065\r\n\r\n> <PUBCHEM_SHAPE_VOLUME>\r\n89.2\r\n\r\n> <PUBCHEM_COORDINATE_TYPE>\r\n2\r\n5\r\n10\r\n\r\n$$$$\r\n');

-- --------------------------------------------------------

--
-- Table structure for table `databaseInput_type`
--

CREATE TABLE IF NOT EXISTS `databaseInput_type` (
  `id` int(11) NOT NULL AUTO_INCREMENT,
  `name` varchar(4) COLLATE utf8_unicode_ci NOT NULL,
  `description` longtext COLLATE utf8_unicode_ci NOT NULL,
  PRIMARY KEY (`id`)
) ENGINE=InnoDB  DEFAULT CHARSET=utf8 COLLATE=utf8_unicode_ci AUTO_INCREMENT=7 ;

--
-- Dumping data for table `databaseInput_type`
--

INSERT INTO `databaseInput_type` (`id`, `name`, `description`) VALUES
(1, 'Aini', 'Pathway initiating adenylation domain'),
(2, 'AC', 'Combined adenylation and condensation domain'),
(3, 'TE', 'Thioesterase domain'),
(4, 'AOxA', 'Combined adenylation and oxidation domain'),
(5, 'NMet', 'Modification: N-methyl transfer'),
(6, 'CMet', 'Modification: C-methyl transfer');

-- --------------------------------------------------------

--
-- Table structure for table `django_admin_log`
--

CREATE TABLE IF NOT EXISTS `django_admin_log` (
  `id` int(11) NOT NULL AUTO_INCREMENT,
  `action_time` datetime NOT NULL,
  `user_id` int(11) NOT NULL,
  `content_type_id` int(11) DEFAULT NULL,
  `object_id` longtext COLLATE utf8_unicode_ci,
  `object_repr` varchar(200) COLLATE utf8_unicode_ci NOT NULL,
  `action_flag` smallint(5) unsigned NOT NULL,
  `change_message` longtext COLLATE utf8_unicode_ci NOT NULL,
  PRIMARY KEY (`id`),
  KEY `django_admin_log_6340c63c` (`user_id`),
  KEY `django_admin_log_37ef4eb4` (`content_type_id`)
) ENGINE=InnoDB  DEFAULT CHARSET=utf8 COLLATE=utf8_unicode_ci AUTO_INCREMENT=59 ;

--
-- Dumping data for table `django_admin_log`
--

INSERT INTO `django_admin_log` (`id`, `action_time`, `user_id`, `content_type_id`, `object_id`, `object_repr`, `action_flag`, `change_message`) VALUES
(1, '2013-08-06 10:12:39', 1, 12, '1', 'PMID', 1, ''),
(2, '2013-08-06 10:12:51', 1, 12, '2', 'PubChem', 1, ''),
(3, '2013-08-06 10:19:36', 1, 12, '1', 'PMID', 2, 'Changed url and description.'),
(4, '2013-08-06 11:06:02', 1, 12, '2', 'PubChem', 2, 'Changed url and description.'),
(5, '2013-08-06 11:18:46', 1, 7, '1', 'Gold precipitating peptide', 1, ''),
(6, '2013-08-06 11:23:26', 1, 7, '2', 'Toxic antibiotic ', 1, ''),
(7, '2013-08-06 11:25:57', 1, 7, '3', 'Redox-sensitive dye', 1, ''),
(8, '2013-08-06 11:26:49', 1, 10, '1', 'Aini', 1, ''),
(9, '2013-08-06 11:27:16', 1, 10, '2', 'AC', 1, ''),
(10, '2013-08-06 11:27:26', 1, 10, '3', 'TE', 1, ''),
(11, '2013-08-06 11:27:50', 1, 10, '4', 'AOxA', 1, ''),
(12, '2013-08-06 11:28:16', 1, 10, '5', 'NMet', 1, ''),
(13, '2013-08-06 11:28:31', 1, 10, '6', 'CMet', 1, ''),
(14, '2013-08-06 11:30:06', 1, 9, '1', 'L-alanine', 1, ''),
(15, '2013-08-06 11:31:19', 1, 9, '2', 'D-alanine', 1, ''),
(16, '2013-08-06 11:32:23', 1, 9, '3', 'Glycine', 1, ''),
(17, '2013-08-06 11:33:26', 1, 9, '4', 'L-serine', 1, ''),
(18, '2013-08-06 11:34:17', 1, 9, '5', 'D-serine', 1, ''),
(19, '2013-08-06 11:35:24', 1, 9, '6', 'L-phenylalanine', 1, ''),
(20, '2013-08-06 11:36:19', 1, 9, '7', 'D-phenylalanine', 1, ''),
(21, '2013-08-06 11:37:29', 1, 9, '8', 'L-leucine', 1, ''),
(22, '2013-08-06 11:38:33', 1, 9, '9', 'D-leucine', 1, ''),
(23, '2013-08-06 11:39:47', 1, 9, '10', 'L-threonine', 1, ''),
(24, '2013-08-06 11:40:43', 1, 9, '11', 'D-threonine', 1, ''),
(25, '2013-08-06 11:41:42', 1, 9, '12', 'L-tyrosine', 1, ''),
(26, '2013-08-06 11:42:35', 1, 9, '13', 'D-tyrosine', 1, ''),
(27, '2013-08-06 11:44:07', 1, 9, '14', 'L-glutamine', 1, ''),
(28, '2013-08-06 11:45:03', 1, 9, '15', 'D-glutamine', 1, ''),
(29, '2013-08-06 11:47:49', 1, 9, '16', 'L-asparagine', 1, ''),
(30, '2013-08-06 11:48:39', 1, 9, '17', 'D-asparagine', 1, ''),
(31, '2013-08-06 11:49:50', 1, 9, '18', 'L-ornithine', 1, ''),
(32, '2013-08-06 11:50:38', 1, 9, '19', 'D-ornithine', 1, ''),
(33, '2013-08-06 11:52:15', 1, 9, '20', 'L-aspartic acid', 1, ''),
(34, '2013-08-06 11:53:09', 1, 9, '21', 'D-aspartic acid', 1, ''),
(35, '2013-08-06 11:54:02', 1, 9, '22', 'L-glutamic acid', 1, ''),
(36, '2013-08-06 11:54:59', 1, 9, '23', 'D-glutamic acid', 1, ''),
(37, '2013-08-06 11:55:51', 1, 9, '24', 'L-valine', 1, ''),
(38, '2013-08-06 11:56:43', 1, 9, '25', 'D-valine', 1, ''),
(39, '2013-08-06 11:57:54', 1, 9, '26', 'L-isoleucine', 1, ''),
(40, '2013-08-06 11:58:42', 1, 9, '27', 'D-isoleucine', 1, ''),
(41, '2013-08-06 12:00:18', 1, 9, '28', 'L-tryptophan', 1, ''),
(42, '2013-08-06 12:01:17', 1, 9, '29', 'D-tryptophan', 1, ''),
(43, '2013-08-06 12:02:30', 1, 9, '30', 'L-histidine', 1, ''),
(44, '2013-08-06 12:03:32', 1, 9, '31', 'D-histidine', 1, ''),
(45, '2013-08-06 12:04:43', 1, 9, '32', 'L-lysine', 1, ''),
(46, '2013-08-06 12:05:36', 1, 9, '33', 'D-lysine', 1, ''),
(47, '2013-08-06 12:06:33', 1, 9, '34', 'L-arginine', 1, ''),
(48, '2013-08-06 12:07:27', 1, 9, '35', 'D-arginine', 1, ''),
(49, '2013-08-06 12:08:26', 1, 9, '36', 'L-methionine', 1, ''),
(50, '2013-08-06 12:09:28', 1, 9, '37', 'D-methionine', 1, ''),
(51, '2013-08-06 12:10:20', 1, 9, '38', 'L-cysteine', 1, ''),
(52, '2013-08-06 12:12:56', 1, 9, '39', 'D-cysteine', 1, ''),
(53, '2013-08-06 12:17:59', 1, 9, '40', 'L-proline', 1, ''),
(54, '2013-08-06 12:18:42', 1, 9, '41', 'D-proline', 1, ''),
(55, '2013-08-06 12:37:01', 1, 8, '5', 'fdxdsfcdsg', 1, ''),
(56, '2013-08-06 12:44:45', 1, 8, '5', '1255633tyrocidine1AC', 2, 'No fields changed.'),
(57, '2013-08-06 12:54:32', 1, 8, '5', '1255633tyrocidine1AC', 3, ''),
(58, '2013-08-06 12:55:21', 1, 8, '6', '123indigoidine1AOxA', 1, '');

-- --------------------------------------------------------

--
-- Table structure for table `django_content_type`
--

CREATE TABLE IF NOT EXISTS `django_content_type` (
  `id` int(11) NOT NULL AUTO_INCREMENT,
  `name` varchar(100) COLLATE utf8_unicode_ci NOT NULL,
  `app_label` varchar(100) COLLATE utf8_unicode_ci NOT NULL,
  `model` varchar(100) COLLATE utf8_unicode_ci NOT NULL,
  PRIMARY KEY (`id`),
  UNIQUE KEY `app_label` (`app_label`,`model`)
) ENGINE=InnoDB  DEFAULT CHARSET=utf8 COLLATE=utf8_unicode_ci AUTO_INCREMENT=15 ;

--
-- Dumping data for table `django_content_type`
--

INSERT INTO `django_content_type` (`id`, `name`, `app_label`, `model`) VALUES
(1, 'log entry', 'admin', 'logentry'),
(2, 'permission', 'auth', 'permission'),
(3, 'group', 'auth', 'group'),
(4, 'user', 'auth', 'user'),
(5, 'content type', 'contenttypes', 'contenttype'),
(6, 'session', 'sessions', 'session'),
(7, 'origin', 'databaseInput', 'origin'),
(8, 'domain', 'databaseInput', 'domain'),
(9, 'substrate', 'databaseInput', 'substrate'),
(10, 'type', 'databaseInput', 'type'),
(11, 'linkout', 'databaseInput', 'linkout'),
(12, 'linkout type', 'databaseInput', 'linkouttype'),
(13, 'version', 'django_evolution', 'version'),
(14, 'evolution', 'django_evolution', 'evolution');

-- --------------------------------------------------------

--
-- Table structure for table `django_evolution`
--

CREATE TABLE IF NOT EXISTS `django_evolution` (
  `id` int(11) NOT NULL AUTO_INCREMENT,
  `version_id` int(11) NOT NULL,
  `app_label` varchar(200) COLLATE utf8_unicode_ci NOT NULL,
  `label` varchar(100) COLLATE utf8_unicode_ci NOT NULL,
  PRIMARY KEY (`id`),
  KEY `django_evolution_f516c2b3` (`version_id`)
) ENGINE=InnoDB  DEFAULT CHARSET=utf8 COLLATE=utf8_unicode_ci AUTO_INCREMENT=3 ;

--
-- Dumping data for table `django_evolution`
--

INSERT INTO `django_evolution` (`id`, `version_id`, `app_label`, `label`) VALUES
(1, 1, 'auth', 'auth_delete_message'),
(2, 1, 'sessions', 'session_expire_date_db_index');

-- --------------------------------------------------------

--
-- Table structure for table `django_project_version`
--

CREATE TABLE IF NOT EXISTS `django_project_version` (
  `id` int(11) NOT NULL AUTO_INCREMENT,
  `signature` longtext COLLATE utf8_unicode_ci NOT NULL,
  `when` datetime NOT NULL,
  PRIMARY KEY (`id`)
) ENGINE=InnoDB  DEFAULT CHARSET=utf8 COLLATE=utf8_unicode_ci AUTO_INCREMENT=2 ;

--
-- Dumping data for table `django_project_version`
--

INSERT INTO `django_project_version` (`id`, `signature`, `when`) VALUES
(1, '(dp1\nS''sessions''\np2\nccopy_reg\n_reconstructor\np3\n(cdjango.utils.datastructures\nSortedDict\np4\nc__builtin__\ndict\np5\n(dp6\nS''Session''\np7\n(dp8\nS''fields''\np9\n(dp10\nS''session_key''\np11\n(dp12\nS''field_type''\np13\ncdjango.db.models.fields\nCharField\np14\nsS''max_length''\np15\nI40\nsS''primary_key''\np16\nI01\nssS''expire_date''\np17\n(dp18\ng13\ncdjango.db.models.fields\nDateTimeField\np19\nsS''db_index''\np20\nI01\nssS''session_data''\np21\n(dp22\ng13\ncdjango.db.models.fields\nTextField\np23\nsssS''meta''\np24\n(dp25\nS''unique_together''\np26\n(lp27\nsS''db_table''\np28\nS''django_session''\np29\nsS''db_tablespace''\np30\nS''''\nsS''pk_column''\np31\ng11\nssstRp32\n(dp33\nS''keyOrder''\np34\n(lp35\ng7\nasbsS''admin''\np36\ng3\n(g4\ng5\n(dp37\nS''LogEntry''\np38\n(dp39\ng9\n(dp40\nS''action_flag''\np41\n(dp42\ng13\ncdjango.db.models.fields\nPositiveSmallIntegerField\np43\nssS''action_time''\np44\n(dp45\ng13\ng19\nssS''object_repr''\np46\n(dp47\ng13\ng14\nsg15\nI200\nssS''object_id''\np48\n(dp49\ng13\ng23\nsS''null''\np50\nI01\nssS''change_message''\np51\n(dp52\ng13\ng23\nssS''user''\np53\n(dp54\ng13\ncdjango.db.models.fields.related\nForeignKey\np55\nsS''related_model''\np56\nVauth.User\np57\nssS''content_type''\np58\n(dp59\ng13\ng55\nsg50\nI01\nsg56\nVcontenttypes.ContentType\np60\nssVid\np61\n(dp62\ng13\ncdjango.db.models.fields\nAutoField\np63\nsg16\nI01\nsssg24\n(dp64\ng26\n(lp65\nsg28\nVdjango_admin_log\np66\nsg30\nS''''\nsg31\ng61\nssstRp67\n(dp68\ng34\n(lp69\ng38\nasbsS''messages''\np70\ng3\n(g4\ng5\n(dtRp71\n(dp72\ng34\n(lp73\nsbsS''auth''\np74\ng3\n(g4\ng5\n(dp75\nS''Group''\np76\n(dp77\ng9\n(dp78\nS''permissions''\np79\n(dp80\ng13\ncdjango.db.models.fields.related\nManyToManyField\np81\nsg56\nVauth.Permission\np82\nssg61\n(dp83\ng13\ng63\nsg16\nI01\nssS''name''\np84\n(dp85\ng15\nI80\nsg13\ng14\nsS''unique''\np86\nI01\nsssg24\n(dp87\ng26\n(lp88\nsg28\nVauth_group\np89\nsg30\nS''''\nsg31\ng61\nsssS''User''\np90\n(dp91\ng9\n(dp92\nS''username''\np93\n(dp94\ng15\nI30\nsg13\ng14\nsg86\nI01\nssS''first_name''\np95\n(dp96\ng13\ng14\nsg15\nI30\nssS''last_name''\np97\n(dp98\ng13\ng14\nsg15\nI30\nssS''is_active''\np99\n(dp100\ng13\ncdjango.db.models.fields\nBooleanField\np101\nssS''email''\np102\n(dp103\ng13\ncdjango.db.models.fields\nEmailField\np104\nsg15\nI75\nssS''is_superuser''\np105\n(dp106\ng13\ng101\nssS''is_staff''\np107\n(dp108\ng13\ng101\nssS''last_login''\np109\n(dp110\ng13\ng19\nssS''groups''\np111\n(dp112\ng13\ng81\nsg56\nVauth.Group\np113\nssS''user_permissions''\np114\n(dp115\ng13\ng81\nsg56\nVauth.Permission\np116\nssS''password''\np117\n(dp118\ng13\ng14\nsg15\nI128\nssg61\n(dp119\ng13\ng63\nsg16\nI01\nssS''date_joined''\np120\n(dp121\ng13\ng19\nsssg24\n(dp122\ng26\n(lp123\nsg28\nVauth_user\np124\nsg30\nS''''\nsg31\ng61\nsssS''Permission''\np125\n(dp126\ng9\n(dp127\nS''codename''\np128\n(dp129\ng13\ng14\nsg15\nI100\nssg61\n(dp130\ng13\ng63\nsg16\nI01\nssg58\n(dp131\ng13\ng55\nsg56\nVcontenttypes.ContentType\np132\nssg84\n(dp133\ng13\ng14\nsg15\nI50\nsssg24\n(dp134\ng26\n((Vcontent_type\nVcodename\nttp135\nsg28\nVauth_permission\np136\nsg30\nS''''\nsg31\ng61\nssstRp137\n(dp138\ng34\n(lp139\ng125\nag76\nag90\nasbsS''staticfiles''\np140\ng3\n(g4\ng5\n(dtRp141\n(dp142\ng34\n(lp143\nsbsS''contenttypes''\np144\ng3\n(g4\ng5\n(dp145\nS''ContentType''\np146\n(dp147\ng9\n(dp148\nS''model''\np149\n(dp150\ng13\ng14\nsg15\nI100\nssS''app_label''\np151\n(dp152\ng13\ng14\nsg15\nI100\nssg61\n(dp153\ng13\ng63\nsg16\nI01\nssg84\n(dp154\ng13\ng14\nsg15\nI100\nsssg24\n(dp155\ng26\n((S''app_label''\nS''model''\nttp156\nsg28\nS''django_content_type''\np157\nsg30\nS''''\nsg31\ng61\nssstRp158\n(dp159\ng34\n(lp160\ng146\nasbsS''django_evolution''\np161\ng3\n(g4\ng5\n(dp162\nS''Evolution''\np163\n(dp164\ng9\n(dp165\nS''label''\np166\n(dp167\ng13\ng14\nsg15\nI100\nssS''version''\np168\n(dp169\ng13\ng55\nsg56\nVdjango_evolution.Version\np170\nssg61\n(dp171\ng13\ng63\nsg16\nI01\nssg151\n(dp172\ng13\ng14\nsg15\nI200\nsssg24\n(dp173\ng26\n(lp174\nsg28\nS''django_evolution''\np175\nsg30\nS''''\nsg31\ng61\nsssS''Version''\np176\n(dp177\ng9\n(dp178\nS''when''\np179\n(dp180\ng13\ng19\nssg61\n(dp181\ng13\ng63\nsg16\nI01\nssS''signature''\np182\n(dp183\ng13\ng23\nsssg24\n(dp184\ng26\n(lp185\nsg28\nS''django_project_version''\np186\nsg30\nS''''\nsg31\ng61\nssstRp187\n(dp188\ng34\n(lp189\ng176\nag163\nasbsS''__version__''\np190\nI1\nsS''databaseInput''\np191\ng3\n(g4\ng5\n(dp192\nS''Origin''\np193\n(dp194\ng9\n(dp195\nS''product''\np196\n(dp197\ng13\ng14\nsg15\nI20\nssS''description''\np198\n(dp199\ng13\ng23\nssS''parent''\np200\n(dp201\ng13\ng55\nsg50\nI01\nsg56\nVdatabaseInput.Origin\np202\nssS''species''\np203\n(dp204\ng15\nI100\nsg13\ng14\nsg50\nI01\nssS''source''\np205\n(dp206\ng13\ng14\nsg15\nI20\nssS''dnaSequence''\np207\n(dp208\ng13\ng23\nssg61\n(dp209\ng13\ng63\nsg16\nI01\nsssg24\n(dp210\ng26\n(lp211\nsg28\nVdatabaseInput_origin\np212\nsg30\nS''''\nsg31\ng61\nsssS''Domain''\np213\n(dp214\ng9\n(dp215\nS''origin''\np216\n(dp217\ng13\ng55\nsg56\nVdatabaseInput.Origin\np218\nssS''definedStart''\np219\n(dp220\ng13\ncdjango.db.models.fields\nIntegerField\np221\nssS''pfamStop''\np222\n(dp223\ng13\ng221\nssg198\n(dp224\ng13\ng23\nssS''domainType''\np225\n(dp226\ng13\ng55\nsg56\nVdatabaseInput.Type\np227\nssS''pfamStart''\np228\n(dp229\ng13\ng221\nssS''chirality''\np230\n(dp231\ng15\nI1\nsg13\ng14\nsg50\nI01\nssS''module''\np232\n(dp233\ng13\ng221\nssS''pfamLinkerStop''\np234\n(dp235\ng13\ng221\nssS''definedLinkerStart''\np236\n(dp237\ng13\ng221\nssS''definedLinkerStop''\np238\n(dp239\ng13\ng221\nssS''definedStop''\np240\n(dp241\ng13\ng221\nssS''substrateSpecificity''\np242\n(dp243\ng13\ng81\nsg50\nI01\nsg56\nVdatabaseInput.Substrate\np244\nssS''pfamLinkerStart''\np245\n(dp246\ng13\ng221\nssg61\n(dp247\ng13\ng63\nsg16\nI01\nsssg24\n(dp248\ng26\n(lp249\nsg28\nVdatabaseInput_domain\np250\nsg30\nS''''\nsg31\ng61\nsssS''Substrate''\np251\n(dp252\ng9\n(dp253\ng230\n(dp254\ng13\ng14\nsg15\nI1\nssg61\n(dp255\ng13\ng63\nsg16\nI01\nssS''structure''\np256\n(dp257\ng13\ng23\nssg84\n(dp258\ng13\ng14\nsg15\nI30\nsssg24\n(dp259\ng26\n(lp260\nsg28\nVdatabaseInput_substrate\np261\nsg30\nS''''\nsg31\ng61\nsssS''Linkout''\np262\n(dp263\ng9\n(dp264\ng48\n(dp265\ng13\ncdjango.db.models.fields\nPositiveIntegerField\np266\nssS''identifier''\np267\n(dp268\ng13\ng14\nsg15\nI50\nssg61\n(dp269\ng13\ng63\nsg16\nI01\nssg58\n(dp270\ng13\ng55\nsg56\nVcontenttypes.ContentType\np271\nssS''linkoutType''\np272\n(dp273\ng13\ng55\nsg56\nVdatabaseInput.LinkoutType\np274\nsssg24\n(dp275\ng26\n(lp276\nsg28\nVdatabaseInput_linkout\np277\nsg30\nS''''\nsg31\ng61\nsssS''Type''\np278\n(dp279\ng9\n(dp280\ng198\n(dp281\ng13\ng23\nssg61\n(dp282\ng13\ng63\nsg16\nI01\nssg84\n(dp283\ng13\ng14\nsg15\nI4\nsssg24\n(dp284\ng26\n(lp285\nsg28\nVdatabaseInput_type\np286\nsg30\nS''''\nsg31\ng61\nsssS''LinkoutType''\np287\n(dp288\ng9\n(dp289\nS''url''\np290\n(dp291\ng13\ng14\nsg15\nI100\nssg61\n(dp292\ng13\ng63\nsg16\nI01\nssS''shortcut''\np293\n(dp294\ng13\ng14\nsg15\nI10\nssg198\n(dp295\ng13\ng23\nsg50\nI01\nsssg24\n(dp296\ng26\n(lp297\nsg28\nVdatabaseInput_linkouttype\np298\nsg30\nS''''\nsg31\ng61\nssstRp299\n(dp300\ng34\n(lp301\ng193\nag213\nag251\nag278\nag262\nag287\nasbs.', '2013-08-06 10:09:29');

-- --------------------------------------------------------

--
-- Table structure for table `django_session`
--

CREATE TABLE IF NOT EXISTS `django_session` (
  `session_key` varchar(40) COLLATE utf8_unicode_ci NOT NULL,
  `session_data` longtext COLLATE utf8_unicode_ci NOT NULL,
  `expire_date` datetime NOT NULL,
  PRIMARY KEY (`session_key`),
  KEY `django_session_b7b81f0c` (`expire_date`)
) ENGINE=InnoDB DEFAULT CHARSET=utf8 COLLATE=utf8_unicode_ci;

--
-- Dumping data for table `django_session`
--

INSERT INTO `django_session` (`session_key`, `session_data`, `expire_date`) VALUES
('8b97gxptdtyd0s25vofwdzhu4ulv9ad4', 'MzE0ZWQ1NjY3M2EyMDZlOGI5NzY4YzE4ZmJjN2NiYjBkNjkwNTM2MjqAAn1xAShVEl9hdXRoX3VzZXJfYmFja2VuZHECVSlkamFuZ28uY29udHJpYi5hdXRoLmJhY2tlbmRzLk1vZGVsQmFja2VuZHEDVQ1fYXV0aF91c2VyX2lkcQSKAQF1Lg==', '2013-08-20 10:11:26');

--
-- Constraints for dumped tables
--

--
-- Constraints for table `auth_group_permissions`
--
ALTER TABLE `auth_group_permissions`
  ADD CONSTRAINT `group_id_refs_id_f4b32aac` FOREIGN KEY (`group_id`) REFERENCES `auth_group` (`id`),
  ADD CONSTRAINT `permission_id_refs_id_6ba0f519` FOREIGN KEY (`permission_id`) REFERENCES `auth_permission` (`id`);

--
-- Constraints for table `auth_permission`
--
ALTER TABLE `auth_permission`
  ADD CONSTRAINT `content_type_id_refs_id_d043b34a` FOREIGN KEY (`content_type_id`) REFERENCES `django_content_type` (`id`);

--
-- Constraints for table `auth_user_groups`
--
ALTER TABLE `auth_user_groups`
  ADD CONSTRAINT `user_id_refs_id_40c41112` FOREIGN KEY (`user_id`) REFERENCES `auth_user` (`id`),
  ADD CONSTRAINT `group_id_refs_id_274b862c` FOREIGN KEY (`group_id`) REFERENCES `auth_group` (`id`);

--
-- Constraints for table `auth_user_user_permissions`
--
ALTER TABLE `auth_user_user_permissions`
  ADD CONSTRAINT `user_id_refs_id_4dc23c39` FOREIGN KEY (`user_id`) REFERENCES `auth_user` (`id`),
  ADD CONSTRAINT `permission_id_refs_id_35d9ac25` FOREIGN KEY (`permission_id`) REFERENCES `auth_permission` (`id`);

--
-- Constraints for table `databaseInput_domain`
--
ALTER TABLE `databaseInput_domain`
  ADD CONSTRAINT `domainType_id_refs_id_19aecaa4` FOREIGN KEY (`domainType_id`) REFERENCES `databaseInput_type` (`id`),
  ADD CONSTRAINT `origin_id_refs_id_3c27bfbf` FOREIGN KEY (`origin_id`) REFERENCES `databaseInput_origin` (`id`);

--
-- Constraints for table `databaseInput_domain_substrateSpecificity`
--
ALTER TABLE `databaseInput_domain_substrateSpecificity`
  ADD CONSTRAINT `substrate_id_refs_id_1e8e4d24` FOREIGN KEY (`substrate_id`) REFERENCES `databaseInput_substrate` (`id`),
  ADD CONSTRAINT `domain_id_refs_id_a08cf1d5` FOREIGN KEY (`domain_id`) REFERENCES `databaseInput_domain` (`id`);

--
-- Constraints for table `databaseInput_linkout`
--
ALTER TABLE `databaseInput_linkout`
  ADD CONSTRAINT `linkoutType_id_refs_id_85a650b7` FOREIGN KEY (`linkoutType_id`) REFERENCES `databaseInput_linkouttype` (`id`),
  ADD CONSTRAINT `content_type_id_refs_id_fada030f` FOREIGN KEY (`content_type_id`) REFERENCES `django_content_type` (`id`);

--
-- Constraints for table `databaseInput_origin`
--
ALTER TABLE `databaseInput_origin`
  ADD CONSTRAINT `parent_id_refs_id_a1a829d3` FOREIGN KEY (`parent_id`) REFERENCES `databaseInput_origin` (`id`);

--
-- Constraints for table `django_admin_log`
--
ALTER TABLE `django_admin_log`
  ADD CONSTRAINT `content_type_id_refs_id_93d2d1f8` FOREIGN KEY (`content_type_id`) REFERENCES `django_content_type` (`id`),
  ADD CONSTRAINT `user_id_refs_id_c0d12874` FOREIGN KEY (`user_id`) REFERENCES `auth_user` (`id`);

--
-- Constraints for table `django_evolution`
--
ALTER TABLE `django_evolution`
  ADD CONSTRAINT `version_id_refs_id_946f97c5` FOREIGN KEY (`version_id`) REFERENCES `django_project_version` (`id`);

/*!40101 SET CHARACTER_SET_CLIENT=@OLD_CHARACTER_SET_CLIENT */;
/*!40101 SET CHARACTER_SET_RESULTS=@OLD_CHARACTER_SET_RESULTS */;
/*!40101 SET COLLATION_CONNECTION=@OLD_COLLATION_CONNECTION */;
